id,domain,status,purchase_price,renewal_price,attractiveness,demand,length,registrar,created_at,expires_at,status_verified_at
3048b960-3cfe-4f5e-9909-faecbe80fbbb,researched.camp,available,62.99,62.99,medium,low,10,namesilo,,,01/10/2026 00:58
18ef18d3-d97f-4426-885f-3b15c6b8f1c8,usd.camp,available,62.99,62.99,high,low,3,namesilo,,,28/09/2026 03:31
118110b9-32d3-4924-9ead-221f01c0914b,pickaback.camp,available,62.99,62.99,medium,low,9,namesilo,,,15/09/2026 19:48
ed029f7c-47c8-49b3-b80e-7d9ec655d39d,airport.camp,available,48.2,48.2,high,low,7,cloudflare,,,28/09/2026 19:10
db0c163e-8a58-4b0c-b67e-aecd60fa9aa5,uniformly.camp,available,62.99,62.99,medium,low,9,namesilo,,,16/09/2026 10:05
b43bedcd-20e4-489b-ba95-d58c1332e480,constellation.camp,available,49.88,49.88,high,low,13,spaceship,,,29/09/2026 20:52
5bf3da4d-86ef-4ef3-b4fa-9e65a963a9dd,faux.camp,available,11.99,77.99,high,low,4,name.com,,,18/08/2026 00:12
0e559a45-7594-4d9a-ae8f-21e2b435b27e,minimized.camp,available,11.99,77.99,medium,low,9,name.com,,,24/08/2026 23:53
95d567dd-d39a-4830-9cbf-7114aaa114d1,wilful.camp,available,11.99,77.99,medium,low,6,name.com,,,18/08/2026 16:39
ffe79d71-9901-4582-836d-2b9dc6aca97b,surrogate.camp,available,65.98,78.98,high,low,9,namecheap,,,22/09/2026 02:27
267b1175-3df7-41b0-8b91-63b31053f05b,withdrawing.camp,available,49.88,49.88,high,low,11,spaceship,,,29/09/2026 21:24
d6154d9a-cc88-40c4-a5a9-0cf355ae8e2d,unformed.camp,available,62.99,62.99,medium,low,8,namesilo,,,12/09/2026 10:39
c34015bb-adbc-4713-a3e0-9b39572909c4,chestnuts.camp,available,62.99,62.99,medium,low,9,namesilo,,,20/09/2026 20:45
bfb0b66a-ceb9-4016-9302-04069e6aaf63,beatrice.camp,available,62.99,62.99,high,low,8,namesilo,,,22/09/2026 21:46
84a15884-4f88-43ca-a3c2-8fdc44bfb9b3,snuggle.camp,available,65.98,78.98,high,low,7,namecheap,,,24/09/2026 20:12
ceb89de1-6515-4581-9c4c-9c3354570788,synchronal.camp,available,62.99,62.99,medium,low,10,namesilo,,,11/09/2026 06:13
eb054bbb-493d-4582-973c-e41c8c2a590c,licked.camp,available,11.99,77.99,medium,low,6,name.com,,,23/08/2026 01:00
ffcec006-cfea-40a6-8f41-9b582d9016f5,embarrassment.camp,available,49.88,49.88,medium,low,13,spaceship,,,28/09/2026 12:29
8724a189-dba7-4489-9b30-d43cf927a8a0,cortez.camp,available,62.99,62.99,high,low,6,namesilo,,,30/09/2026 16:48
a1a909ba-37be-43bf-b98b-c7cd32bdb571,indecisive.camp,available,11.99,77.99,medium,low,10,name.com,,,22/08/2026 02:27
37cea3ec-e076-4584-8c92-ee8d19d6c796,derived.camp,available,11.99,77.99,medium,low,7,name.com,,,14/08/2026 03:07
4b1f8a20-e65f-4475-9a87-6707bc805b6e,leaks.camp,available,62.99,62.99,medium,low,5,namesilo,,,18/09/2026 06:46
8874a8f1-4345-4d1f-ac9f-2dd2ff34b1fe,png.camp,available,49.88,49.88,high,low,3,spaceship,,,30/09/2026 11:41
ce6cd92a-638e-4f4b-b51e-26458dda8073,impolite.camp,available,11.99,77.99,medium,low,8,name.com,,,21/08/2026 22:43
2c46fc3b-a72b-433d-a541-18adf338354f,studded.camp,available,62.99,62.99,medium,low,7,namesilo,,,10/09/2026 22:57
7dffe6cc-3cb8-4481-a2a7-4bafb6bd414f,popular.camp,premium,520,520,high,low,7,namecheap,,,27/09/2026 04:30
6b5c8467-af80-44d9-bc7d-e292270fc517,chr.camp,available,62.99,62.99,medium,low,3,namesilo,,,28/09/2026 12:07
8c3dc0d4-1288-4810-aef1-d25b70838f17,wiesbaden.camp,available,65.98,78.98,medium,low,9,namecheap,,,29/09/2026 14:08
cea8eb87-175f-4908-aa25-0f296b8381a4,undeniably.camp,available,65.98,78.98,medium,low,10,namecheap,,,16/09/2026 09:52
21788d6a-baa4-4d27-9fc6-26bcd8b6e9ab,sunup.camp,available,62.99,62.99,high,low,5,namesilo,,,11/09/2026 02:09
33c3d240-1127-4a35-aea1-1db23a70550d,malar.camp,available,11.99,77.99,medium,low,5,name.com,,,13/09/2026 15:43
36e76e6c-835d-4bfe-92fe-ab7718293673,bordered.camp,available,62.99,62.99,medium,low,8,namesilo,,,22/09/2026 23:55
34fedf02-1526-4f89-bc60-4ab0bfe8d28b,silvervine.camp,available,62.99,62.99,medium,low,10,namesilo,,,17/09/2026 04:49
546422c8-68ca-4d12-9ecd-81da16e22bf9,impersonal.camp,available,11.99,77.99,medium,low,10,name.com,,,21/08/2026 22:13
37449cac-ce4b-406c-9434-67eaccc042f6,okada.camp,available,49.88,49.88,medium,low,5,spaceship,,,30/09/2026 20:35
215df096-9b96-4bea-9c3d-75f08cb8c0a3,unfading.camp,available,62.99,62.99,medium,low,8,namesilo,,,12/09/2026 09:53
641145da-96c9-4afd-abcd-735c3d05f77b,tumescent.camp,available,11.99,77.99,medium,low,9,name.com,,,22/08/2026 08:52
b8a8043c-2b3c-4117-bfc7-3b30e82d038b,total.camp,available,62.99,62.99,high,medium,5,namesilo,,,21/09/2026 22:55
43c3fb13-474e-4d8b-9258-17830673232a,carmelite.camp,available,11.99,77.99,high,low,9,name.com,,,11/08/2026 19:22
607c436c-970c-4ddd-9e40-d30cdc26f39c,sculptural.camp,available,11.99,77.99,medium,low,10,name.com,,,25/08/2026 02:53
82aa2112-dea6-450f-814d-d33bd3aa5cd3,auxesis.camp,available,62.99,62.99,medium,low,7,namesilo,,,21/09/2026 08:33
6c122e57-ac45-4ff9-bb43-b5be164b3ca2,hutton.camp,available,62.99,62.99,high,low,6,namesilo,,,25/09/2026 07:41
17fbad38-d428-4746-93db-8e5ecaf5d511,hermann.camp,available,62.99,62.99,high,low,7,namesilo,,,20/09/2026 07:11
3aae731a-1ad3-420b-aaf9-8f1a4ab2b76d,jackfruit.camp,available,62.99,62.99,high,low,9,namesilo,,,20/09/2026 11:58
a18b1f5c-c42e-494b-b165-d3c500465842,tottenham.camp,available,6.64,51.58,medium,low,9,dynadot,,,29/09/2026 22:19
18a6e065-b88e-4eb4-8896-7715621cd5f2,defence.camp,available,62.99,62.99,high,low,7,namesilo,,,29/09/2026 13:32
53ee971f-d908-4535-b2d8-59452122d5e5,esoteric.camp,available,11.99,77.99,high,low,8,name.com,,,17/08/2026 13:17
93984557-4784-4a7e-9f00-4525cecbdb28,johnstone.camp,available,48.2,48.2,medium,low,9,cloudflare,,,27/09/2026 23:26
d7c1712a-eb20-446d-a7b0-58c3225ac13d,aquatint.camp,available,62.99,62.99,medium,low,8,namesilo,,,19/09/2026 23:09
0808db8b-f29d-4d91-b9cb-19db4c7b8ad1,flare.camp,available,65.98,78.98,high,low,5,namecheap,,,29/09/2026 00:57
78634f74-d840-4ba5-a7eb-ba4e15049a58,plop.camp,available,62.99,62.99,medium,low,4,namesilo,,,15/09/2026 20:39
cde81800-1195-4a99-bd29-b4a0852c2ae1,nay.camp,available,62.99,62.99,medium,low,3,namesilo,,,15/09/2026 16:14
925bd38b-ffe2-41f0-b512-b0d0bc17afe8,perverse.camp,available,11.99,77.99,medium,low,8,name.com,,,14/08/2026 02:31
564e1459-27c8-4c10-9e1e-1f2fe8680d99,hollis.camp,available,62.99,62.99,medium,low,6,namesilo,,,28/09/2026 07:30
c7a4d4c7-bc6d-4295-9b3e-b61e0a602d89,bandits.camp,available,62.99,62.99,medium,low,7,namesilo,,,21/09/2026 01:18
7d73da43-213a-4ad6-8e35-d221534dfdac,divisions.camp,available,49.88,49.88,medium,low,9,spaceship,,,29/09/2026 04:40
11e21236-147d-4137-969c-8abe7af2d4a4,fresnel.camp,available,62.99,62.99,high,low,7,namesilo,,,21/09/2026 04:00
a3db2d42-30cb-4230-8adb-12fc25166f72,bender.camp,available,62.99,62.99,high,low,6,namesilo,,,23/09/2026 07:44
a0b2332f-7160-413b-ad59-a6ec7fe42670,agastache.camp,available,62.99,62.99,medium,low,9,namesilo,,,17/09/2026 16:24
c669be96-5abc-4ca4-a767-4c500fa9ad05,shia.camp,available,65.98,78.98,medium,low,4,namecheap,,,29/09/2026 02:12
8acca6d0-db11-48e3-aacd-5e36e1293575,bhutani.camp,available,11.99,77.99,medium,low,7,name.com,,,09/08/2026 18:26
1f131c96-f68f-4cb7-a0e5-d209fedfe321,fleming.camp,available,11.99,77.99,high,low,7,name.com,,,18/09/2026 05:49
ae60e814-ed38-449f-9e22-901aa8f4b5c4,simplify.camp,available,49.88,49.88,high,low,8,spaceship,,,30/09/2026 21:28
36a84616-9614-4709-911e-1f5c8c5e9f70,mack.camp,available,109.99,109.99,high,low,4,godaddy,,,28/09/2026 02:18
1848133e-a674-46c8-a9f5-f3c5c9f76dda,swings.camp,available,48.2,48.2,medium,low,6,cloudflare,,,29/09/2026 05:46
c172b3a9-1b7f-47ce-a23e-793812aabfb6,annexation.camp,available,62.99,62.99,medium,low,10,namesilo,,,19/09/2026 10:25
b6305491-7988-40be-ae3d-354f73ac890e,unalarming.camp,available,62.99,62.99,medium,low,10,namesilo,,,12/09/2026 00:14
4a58b597-5dc6-4789-b6d3-60433e566e36,scoop.camp,available,62.99,62.99,high,low,5,namesilo,,,19/09/2026 16:31
7d240fb7-c00f-42b2-acfc-b735b355f08d,borgia.camp,available,65.98,78.98,medium,low,6,namecheap,,,18/09/2026 05:55
7d809c66-7b3d-4870-a2d2-8055dec56f21,romeo.camp,available,62.99,62.99,high,low,5,namesilo,,,27/09/2026 05:10
e8411056-c8d1-4818-b42b-02e55aedd627,baseline.camp,available,62.99,62.99,high,low,8,namesilo,,,22/09/2026 10:15
0ee113f9-3fd3-4cfb-ad5d-bcf43b1b1592,licit.camp,available,11.99,77.99,medium,low,5,name.com,,,23/08/2026 00:58
d69f4af4-d4e4-4382-953b-11721ff09f8f,viewpoint.camp,available,49.88,49.88,high,low,9,spaceship,,,29/09/2026 20:00
1643bf8d-4059-44cd-b12a-610d0cdd9a87,confession.camp,available,62.99,62.99,high,low,10,namesilo,,,29/09/2026 10:52
7a09d1b6-924c-47b0-ab83-e566bf00e200,nance.camp,available,62.99,62.99,high,low,5,namesilo,,,09/09/2026 08:05
0c797c2b-68a7-4261-82ea-8ad49148619e,unorthodox.camp,available,11.99,77.99,high,low,10,name.com,,,24/08/2026 17:44
024b638c-e7ff-4e71-8c90-fe42ec1bcb96,antitumor.camp,available,62.99,62.99,high,low,9,namesilo,,,22/09/2026 06:40
cf4b34bc-684f-4961-b0ca-9e03082c4a87,shadow.camp,resell,,,high,medium,6,,,,29/09/2026 17:19
42624c0f-51ed-4a43-bdd3-d7c8ba8934b8,chap.camp,available,62.99,62.99,medium,low,4,namesilo,,,24/09/2026 06:13
26bd2c62-e6ef-4e83-a04a-866e5a1c56ca,forged.camp,available,11.99,77.99,high,low,6,name.com,,,18/08/2026 11:54
e565ccb5-abd1-4be1-8179-d8694b37568f,remake.camp,available,49.88,49.88,high,low,6,spaceship,,,30/09/2026 10:58
e0bcf57c-4376-445e-99c8-fc594d49739f,bottomless.camp,available,11.99,77.99,high,low,10,name.com,,,10/08/2026 21:21
b5168d2e-2351-40b5-a940-62e820676180,yong.camp,available,49.88,49.88,medium,low,4,spaceship,,,28/09/2026 16:51
0560afa4-7919-4a68-bffe-e4e268624ba6,between.camp,available,6.69,49.95,high,low,7,porkbun,,,28/09/2026 11:25
a994ea90-db69-4596-b86a-b689f46dc52f,antinode.camp,available,62.99,62.99,medium,low,8,namesilo,,,19/09/2026 14:48
9fe63887-7029-4dd1-8518-ff9cf9131e40,unfixed.camp,available,11.99,77.99,medium,low,7,name.com,,,12/09/2026 10:28
6a4de764-60c7-486d-bf83-a7c9500f21aa,smarts.camp,available,65.98,78.98,high,low,6,namecheap,,,16/09/2026 18:16
c503368b-cbba-4cd4-96b1-136628c43d6d,rats.camp,available,11.99,,high,low,4,name.com,,,
74aa443f-b47c-4478-b892-850c0648a01f,cattle.camp,available,62.99,62.99,high,low,6,namesilo,,,25/09/2026 01:59
65c81679-131c-4b16-9e99-fa96a99bac1c,hateful.camp,available,11.99,77.99,medium,low,7,name.com,,,21/08/2026 01:18
37016166-f8d5-44cb-a397-e953b3ddad47,bottled.camp,available,49.88,49.88,medium,low,7,spaceship,,,29/09/2026 03:12
9d89f65e-aebf-4f82-b5b1-f33ebba96f43,questionnaire.camp,available,49.88,49.88,high,low,13,spaceship,,,01/10/2026 04:57
f93c82d6-ec95-4a9e-af85-34991d4ec39d,embrace.camp,available,49.88,49.88,high,low,7,spaceship,,,29/09/2026 17:59
6a01d462-4008-4e05-9c76-9c0a680f9fdf,acacia.camp,available,65.98,78.98,high,low,6,namecheap,,,16/09/2026 19:59
990faf3d-00c0-46ea-bbbc-a1dd55ddf0ce,substances.camp,available,62.99,62.99,medium,low,10,namesilo,,,29/09/2026 22:58
b7bf910a-0fec-442c-9f85-d118f87131f8,bleed.camp,available,49.88,49.88,medium,low,5,spaceship,,,28/09/2026 14:26
652b9f22-c38b-4eb5-80ca-3bbc8febd26a,frenchman.camp,available,49.88,49.88,high,low,9,spaceship,,,29/09/2026 07:00
d3b40b55-33c2-470c-84ef-c244d10a7aa6,contents.camp,available,49.88,49.88,high,low,8,spaceship,,,29/09/2026 11:23
6621f75e-cb20-4db3-ad65-e26b05356643,flickering.camp,available,11.99,77.99,high,low,10,name.com,,,
f66d0b0d-ff9f-4ef3-9598-5e8bc559ed01,incoming.camp,available,11.99,77.99,high,low,8,name.com,,,22/08/2026 01:44
02f7f6b4-6512-4332-8637-822af3ff126b,auditory.camp,available,62.99,62.99,high,low,8,namesilo,,,22/09/2026 12:39
ffc4fd02-28ae-4cde-9107-6624be12d742,poughkeepsie.camp,available,49.88,49.88,medium,low,12,spaceship,,,29/09/2026 04:37
6dfeb533-cc6a-494c-bd44-f9bff09641f9,egregious.camp,available,11.99,77.99,medium,low,9,name.com,,,15/08/2026 19:48
630b58ac-e139-415c-9065-f7aaf3508823,parcel.camp,available,62.99,62.99,high,low,6,namesilo,,,24/09/2026 11:15
6c7293fa-169c-4383-9435-a3c1f292f042,chian.camp,available,11.99,77.99,medium,low,5,name.com,,,12/08/2026 04:34
54e360b3-51a2-42b7-9b29-d8cdf1795d81,zoologist.camp,available,65.98,78.98,high,low,9,namecheap,,,19/09/2026 08:43
b44c4ad7-faf6-4f06-8cfd-e84a8f51c38a,thwack.camp,available,62.99,62.99,medium,low,6,namesilo,,,16/09/2026 02:47
4ead5b07-c953-4cc2-b723-50da3ae5afd6,sagging.camp,available,11.99,77.99,medium,low,7,name.com,,,14/08/2026 19:45
f7b3e628-0980-4718-a291-d1b153655e5e,ataturk.camp,available,62.99,62.99,high,low,7,namesilo,,,20/09/2026 19:44
1f33d2da-5732-42df-9e0e-77e7b4a22773,polluted.camp,available,62.99,62.99,medium,low,8,namesilo,,,08/09/2026 23:08
6c92f98d-f4d2-46d9-bc77-089cd0d5ae5f,radios.camp,available,62.99,62.99,medium,low,6,namesilo,,,18/09/2026 23:09
9da9f452-21d8-4531-a726-58fef2a16ac8,woody.camp,available,11.99,77.99,high,low,5,name.com,,,06/08/2026 13:08
4ff9e266-28c2-442b-b710-6b93daaba2db,affluence.camp,available,49.88,49.88,high,low,9,spaceship,,,28/09/2026 19:21
a4192dd0-7b92-43eb-a7a8-a657204948c7,tungsten.camp,available,65.98,78.98,high,low,8,namecheap,,,20/09/2026 23:43
f03c703d-c538-48ef-9b65-a590fa29a72e,nichols.camp,available,62.99,62.99,high,low,7,namesilo,,,25/09/2026 17:20
1e2c0b7c-bd7f-4c8c-97c2-bf4d76c64147,snails.camp,available,62.99,62.99,medium,low,6,namesilo,,,29/09/2026 06:02
04a2e4fe-8f55-4226-8014-20dc8cb24622,dourly.camp,available,62.99,62.99,low,low,6,namesilo,,,14/09/2026 13:56
5d04cb83-780a-436b-894f-2b3b889c8039,bextra.camp,available,65.98,78.98,medium,low,6,namecheap,,,23/09/2026 12:09
51971d84-e032-48d2-8958-a21ff66ef6c2,penalty.camp,available,65.98,78.98,high,low,7,namecheap,,,27/09/2026 04:58
34a77ece-ac28-4353-9c02-129bfc95bfd2,acrobatic.camp,available,11.99,77.99,high,low,9,name.com,,,
9967cb82-08e6-4e2c-837d-8a5bc1cd3db7,smooth.camp,available,65.98,78.98,high,low,6,namecheap,,,24/09/2026 20:14
59bf8d68-8155-46fd-bc3a-ba154d26cced,sweetish.camp,available,62.99,62.99,medium,low,8,namesilo,,,11/09/2026 05:36
abb00267-55e1-4ec0-92f3-e6895982bdf4,zealand.camp,available,62.99,62.99,medium,low,7,namesilo,,,29/09/2026 02:11
6919b605-8d40-4bf3-a5e2-53198383b514,bottle.camp,available,65.98,78.98,high,low,6,namecheap,,,24/09/2026 07:30
38eb6267-aef9-4a30-aabf-246d9e5942cd,dipping.camp,available,49.88,49.88,high,low,7,spaceship,,,30/09/2026 14:42
4aa5064e-15ca-4f80-be89-4be8f279000f,antifreeze.camp,available,62.99,62.99,medium,low,10,namesilo,,,19/09/2026 14:23
a116beee-732f-4934-be95-3b3a738752f0,barman.camp,available,65.98,78.98,high,low,6,namecheap,,,22/09/2026 06:19
b7c0a727-67dd-44c7-8779-c39e12395b66,gayle.camp,available,48.2,48.2,medium,low,5,cloudflare,,,29/09/2026 04:04
d7edfc9c-2c0a-4d61-8339-57727fbde052,specially.camp,available,62.99,62.99,medium,low,9,namesilo,,,28/09/2026 14:42
242a8292-4efd-4847-8d8f-d927b771c2d1,illusional.camp,available,11.99,77.99,medium,low,10,name.com,,,21/08/2026 20:11
3f284b6e-a1b2-4eab-9ea3-e28adda1f5cf,quickness.camp,available,49.88,49.88,high,low,9,spaceship,,,28/09/2026 18:29
4e8e4484-d470-4c7e-aad4-b4bc885147f5,dumfries.camp,available,49.88,49.88,medium,low,8,spaceship,,,30/09/2026 05:24
57ba13fd-5bb2-43e4-a6a9-903ed25e86d1,offender.camp,available,48.2,48.2,medium,low,8,cloudflare,,,28/09/2026 20:02
9c5598f2-44cd-44fc-b93f-2a7bc9855869,exaggerate.camp,available,65.98,78.98,high,low,10,namecheap,,,30/09/2026 19:19
67d49357-6657-4684-8ed3-e8e92582ad89,inbound.camp,available,11.99,77.99,high,low,7,name.com,,,22/08/2026 00:41
3ba9a318-0947-4968-a6e5-30d0e3628ec3,librarian.camp,available,62.99,62.99,high,low,9,namesilo,,,23/09/2026 12:54
455b2321-375a-48b5-8f4d-75387589c1d8,alizarine.camp,available,65.98,78.98,medium,low,9,namecheap,,,18/09/2026 08:13
e41157c8-0e3c-4979-81da-caf5234d2760,broadleaf.camp,available,11.99,77.99,high,low,9,name.com,,,11/08/2026 04:57
c5e934b7-531b-490b-aed8-a0bdad179ff0,rican.camp,available,62.99,62.99,high,low,5,namesilo,,,25/09/2026 13:13
9fd57ae1-1131-4491-a350-6f11b57df7d4,daedalus.camp,available,11.99,77.99,high,low,8,name.com,,,13/08/2026 15:32
407df904-eb09-448c-aa1c-44a6f4e56416,humour.camp,available,62.99,62.99,high,low,6,namesilo,,,24/09/2026 06:31
ade3a8c5-80bc-45ac-8703-685fd6663b38,forgery.camp,available,11.99,77.99,medium,low,7,name.com,,,13/08/2026 03:36
3e956280-a953-4439-a4ab-a846ca491986,deutsch.camp,available,65.98,78.98,high,low,7,namecheap,,,28/09/2026 11:22
f7633ba1-b0fa-4e91-8033-1e5edf2666b9,fumbling.camp,available,11.99,77.99,medium,low,8,name.com,,,11/08/2026 10:05
7aed4cdb-571b-45fc-9ae4-d6cbfdd26223,torrey.camp,available,62.99,62.99,medium,low,6,namesilo,,,29/09/2026 09:58
37620ca9-ad94-4571-a390-95106b9514aa,barrister.camp,available,65.98,78.98,high,low,9,namecheap,,,22/09/2026 08:39
bdb19624-b92a-4030-88e8-54360805294a,improbably.camp,available,62.99,62.99,medium,low,10,namesilo,,,15/09/2026 02:27
e363e9ac-0925-44d4-afc9-9afe404774d6,lavatory.camp,available,62.99,62.99,high,low,8,namesilo,,,09/09/2026 02:14
b3825f33-3d9f-45f7-bc1f-cf5d3b735e1d,aloft.camp,available,65.98,78.98,medium,low,5,namecheap,,,13/09/2026 19:10
f20fe096-7137-4993-a15b-31b25c76fd7c,phases.camp,available,62.99,62.99,medium,low,6,namesilo,,,18/09/2026 14:38
18649553-b591-4eb8-9e73-7297e9409123,live.camp,premium,500,500,high,medium,4,name.com,,,22/09/2026 00:11
26b08bf8-0af1-45ed-8a05-4558890f0c90,agrostemma.camp,available,65.98,78.98,medium,low,10,namecheap,,,17/09/2026 19:51
02d40bab-a648-435a-826f-82e861cf62f7,dina.camp,available,6.69,49.95,high,low,4,porkbun,,,29/09/2026 15:21
303879ef-0f1d-4145-9fdf-8a52fbcf8d65,girlfriend.camp,available,62.99,62.99,high,low,10,namesilo,,,25/09/2026 23:00
f8340c15-499d-43fb-9f7b-cc731a80ab66,belching.camp,available,62.99,62.99,medium,low,8,namesilo,,,23/09/2026 04:36
12553303-9be1-4b92-9a3a-a5f18dc77cee,creeping.camp,available,62.99,62.99,medium,low,8,namesilo,,,29/09/2026 00:36
d6344fab-cb12-48ac-a433-93f46cf66d0c,blueberry.camp,available,49.88,49.88,high,low,9,spaceship,,,30/09/2026 00:50
66132ddd-2ab4-44e8-b58e-b5bd18edc951,retailer.camp,available,48.2,48.2,high,low,8,cloudflare,,,30/09/2026 02:33
b4ffdc8c-141d-469d-9ad6-9cc2dc1f52c9,squawky.camp,available,11.99,77.99,low,low,7,name.com,,,11/08/2026 12:26
6e3fbcd7-574e-4f9d-9e4d-a44e38cf0903,suits.camp,available,62.99,62.99,high,low,5,namesilo,,,18/09/2026 12:41
72cb0b7e-804e-41b7-b8e1-d2d9654baf50,weldon.camp,available,62.99,62.99,medium,low,6,namesilo,,,28/09/2026 16:37
a8c6f283-8f9f-4459-a5f6-17e6d1709e43,lordly.camp,available,11.99,77.99,medium,low,6,name.com,,,07/08/2026 17:05
9ebeefd5-f60e-40a2-8192-1f611b1cae12,sixties.camp,available,62.99,62.99,high,low,7,namesilo,,,16/09/2026 12:11
884b4225-7c9a-44ce-8e05-0edde0905750,foxes.camp,available,49.88,49.88,medium,low,5,spaceship,,,30/09/2026 14:38
3800fd85-c7a2-4ec2-ad7d-505bfd219f81,comfort.camp,resell,,,high,low,7,Dynadot Inc,22/01/2026 17:00,22/01/2027 17:00,26/09/2026 05:08
22d8cd85-1864-4b92-b9ad-ff99557df98b,congruous.camp,available,11.99,77.99,medium,low,9,name.com,,,12/08/2026 21:56
20c20e3d-38fc-4fe6-b691-75f718048b36,truncate.camp,available,62.99,62.99,high,low,8,namesilo,,,11/09/2026 20:40
6f3dd355-3df7-4f16-8f9f-c87505536322,ropeway.camp,available,65.98,78.98,high,low,7,namecheap,,,17/09/2026 12:50
fba925c9-20c0-4cee-87bf-29ea11071a77,acidity.camp,available,62.99,62.99,medium,low,7,namesilo,,,17/09/2026 01:24
b610b9c1-6913-4f2b-b963-565a5045e030,quotable.camp,available,62.99,62.99,medium,low,8,namesilo,,,09/09/2026 09:10
4825858e-94ea-45de-9b0d-6ab29add3118,anu.camp,available,62.99,62.99,medium,low,3,namesilo,,,19/09/2026 15:50
e93b2186-e61f-4182-8294-323b466463ba,juggling.camp,available,48.2,48.2,high,low,8,cloudflare,,,30/09/2026 17:46
ca76b58f-c027-4793-8a2e-fdca31738e6f,auf.camp,available,6.69,49.95,high,low,3,porkbun,,,30/09/2026 19:17
e62746e6-b0b9-41b7-aceb-f65b05d2383f,balata.camp,available,65.98,78.98,medium,low,6,namecheap,,,21/09/2026 21:12
cf2ec072-a953-4d4d-89b2-f0695ef4d5ff,lakh.camp,available,11.99,77.99,medium,low,4,name.com,,,21/08/2026 15:36
4696ea50-fc9c-4c97-918d-8153a6c7e4bd,maid.camp,available,65.98,78.98,high,low,4,namecheap,,,25/09/2026 16:10
440c19a7-dacf-497d-8479-68d0f18909d2,worldling.camp,available,62.99,62.99,medium,low,9,namesilo,,,11/09/2026 10:47
7d838501-c3cb-48fd-9fe5-d2312a8690d0,aleve.camp,available,62.99,62.99,medium,low,5,namesilo,,,17/09/2026 15:07
1491ba8a-1f7d-4856-9d80-e6aae33d55dc,doc.camp,available,65.98,78.98,high,medium,3,namecheap,,,24/09/2026 16:30
4a821939-d1cd-4cfb-8c9d-23624d460f15,alvine.camp,available,11.99,77.99,medium,low,6,name.com,,,
74c94d04-b368-4d2d-b447-bb14776b3627,whoreson.camp,available,11.99,77.99,low,low,8,name.com,,,08/08/2026 23:43
bfa95d7c-53bd-40a2-ab69-4aad3663367b,shanny.camp,available,62.99,62.99,medium,low,6,namesilo,,,24/09/2026 05:59
c01c9c2e-b4d7-4350-b9c2-73c2e3ad0b67,commissioned.camp,available,62.99,62.99,medium,low,12,namesilo,,,29/09/2026 23:15
52975cb0-2d95-46a1-b6d0-f167a6021480,dissolve.camp,available,49.88,49.88,high,low,8,spaceship,,,29/09/2026 16:16
3dad1416-770b-4037-becd-0e054d0579af,barmaid.camp,available,62.99,62.99,high,low,7,namesilo,,,22/09/2026 06:36
225c7d3e-f7a8-4b57-8520-3c16bac995b8,damnably.camp,available,11.99,77.99,low,low,8,name.com,,,13/08/2026 16:35
7a4de6cb-9d92-40d6-8288-025156908794,frail.camp,available,11.99,77.99,high,low,5,name.com,,,18/08/2026 13:59
15af4729-7cd7-47a0-8c2f-c4ceecc711de,boon.camp,available,48.2,48.2,high,low,4,cloudflare,,,28/09/2026 07:47
c002e645-c9a5-4af9-8cfe-5f08ffe36163,calamity.camp,available,62.99,62.99,medium,low,8,namesilo,,,30/09/2026 16:33
084f9075-70d2-4ca7-9423-2c4896ea54cc,voiceless.camp,available,11.99,77.99,medium,low,9,name.com,,,05/08/2026 23:23
91be394c-2ffe-4480-b247-f8e39e65bea7,aged.camp,available,62.99,62.99,high,low,4,namesilo,,,21/09/2026 22:26
84ef85e0-846e-45f3-a3a5-b9c515893ba8,ammonium.camp,available,62.99,62.99,high,low,8,namesilo,,,18/09/2026 22:10
df811de4-ef5f-4dc3-b19b-88f93fc7db5a,ironical.camp,available,11.99,77.99,medium,low,8,name.com,,,22/08/2026 10:06
79439423-4f0c-44c1-9a91-193e7691df87,prototype.camp,available,6.69,49.95,high,low,9,porkbun,,,28/09/2026 14:03
9d976671-65e4-435e-bf8e-f0a3cba6e8f9,cyclic.camp,available,11.99,77.99,high,low,6,name.com,,,13/08/2026 13:31
eb12a7eb-446d-470f-8f17-0a5523a195cc,traveled.camp,available,6.64,51.58,high,low,8,dynadot,,,28/09/2026 09:30
a6c72649-1d6d-422b-a93d-0e915effb755,figuring.camp,available,62.99,62.99,high,low,8,namesilo,,,29/09/2026 12:20
432be878-1c29-44c1-9f08-2ff63c548a85,wheezy.camp,available,11.99,77.99,medium,low,6,name.com,,,07/08/2026 09:31
162d5418-bfed-434c-a182-1a0f146fc235,diversify.camp,available,62.99,62.99,high,low,9,namesilo,,,30/09/2026 16:21
2985f522-93ba-437c-9895-0f78a428d7e0,alerting.camp,available,62.99,62.99,high,low,8,namesilo,,,18/09/2026 05:27
9c88ece2-fad8-4361-8782-6b73e91d1c3a,cylinder.camp,available,62.99,62.99,high,low,8,namesilo,,,29/09/2026 00:34
3256d6b4-37ad-4807-836a-a2ddcd88bdf8,neighborhood.camp,available,11.99,,high,low,12,name.com,,,
e9238afb-f7a1-46ab-808c-caba80acef97,ringed.camp,available,,,high,low,6,,,,
f5591ca8-67bd-4386-82ac-78cc9c290c3b,pdc.camp,available,65.98,78.98,high,low,3,namecheap,,,29/09/2026 09:09
21416179-448c-4e0c-8b73-850593218166,package.camp,available,62.99,62.99,high,low,7,namesilo,,,24/09/2026 07:42
4676c54c-5b38-40a9-8a73-e590ac350b74,applications.camp,available,62.99,62.99,medium,low,12,namesilo,,,28/09/2026 23:10
8c432ee0-d7f7-429f-9332-ebbf7d7a5902,asanga.camp,available,62.99,62.99,medium,low,6,namesilo,,,20/09/2026 12:49
240d134d-2f58-4b9f-99a2-1eb6c2c2bf45,imperial.camp,available,11.99,77.99,high,low,8,name.com,,,21/08/2026 22:11
5a1715ed-cd70-474f-b569-fbb709175092,gloomy.camp,available,11.99,77.99,medium,low,6,name.com,,,14/08/2026 11:40
995df7d5-78c1-4b2c-94fc-dd46e81ea79b,acrimony.camp,available,11.99,77.99,medium,low,8,name.com,,,17/09/2026 03:09
bc2e039f-8986-42c1-ac18-e64f97a731a4,wolfe.camp,available,65.98,78.98,high,low,5,namecheap,,,25/09/2026 10:55
f1326024-011b-494d-8ebf-d77684144d00,baud.camp,available,62.99,62.99,medium,low,4,namesilo,,,22/09/2026 16:32
e40507c0-933d-4614-b0e4-9123dd0d97f4,poured.camp,available,62.99,62.99,medium,low,6,namesilo,,,18/09/2026 02:28
eb0c1182-0ea2-44ac-a42a-9c1dc60bdb68,aunts.camp,available,62.99,62.99,medium,low,5,namesilo,,,18/09/2026 15:51
8302c529-35d3-4975-93bd-2fc3c6227b85,swimwear.camp,available,65.98,78.98,high,low,8,namecheap,,,22/09/2026 13:39
0c7cc9c5-0b6a-4c6c-b44e-387c1b7ca9f1,ternion.camp,available,11.99,77.99,medium,low,7,name.com,,,
6857fd4c-aee7-472b-8d0d-382d174ed482,sympathize.camp,available,62.99,62.99,high,low,10,namesilo,,,30/09/2026 17:27
0d991f05-aefd-4f47-b423-30a579c23ebd,lassen.camp,available,49.88,49.88,medium,low,6,spaceship,,,30/09/2026 05:22
e1dd61e3-4a98-482b-a0f5-2c4836ab82bc,final.camp,available,49.88,49.88,high,low,5,spaceship,,,30/09/2026 19:09
f5fe73a5-5d77-45ec-ab8d-36d005632de1,pow.camp,resell,,,medium,low,3,,,,29/09/2026 01:52
63aa1df4-d3da-4c8f-91a5-eb4838b5d623,roue.camp,available,62.99,62.99,medium,low,4,namesilo,,,09/09/2026 02:53
a37d5ee0-7568-450c-8dd4-f2bbf845e0fd,compeer.camp,available,11.99,77.99,medium,low,7,name.com,,,17/08/2026 11:35
e2e93d96-581d-4c21-880d-d6ce0027ee00,jesting.camp,available,11.99,77.99,high,low,7,name.com,,,22/08/2026 12:52
bdc6835d-8b52-4126-91c9-240e6aeef44b,bookworm.camp,available,62.99,62.99,high,low,8,namesilo,,,09/09/2026 23:16
9b4f0f0d-012b-45a3-9144-d71c92322c3f,supersonic.camp,available,62.99,62.99,high,low,10,namesilo,,,11/09/2026 02:25
10fb3540-2a18-460d-836e-73b6e3cf0b29,corps.camp,available,49.88,49.88,high,low,5,spaceship,,,28/09/2026 22:09
436798d9-5a29-4c2a-920a-1adb5d3f6fc3,sizable.camp,available,11.99,77.99,high,low,7,name.com,,,20/08/2026 16:38
81c9d026-ec99-45d9-b5d2-c146daa3a301,bathurst.camp,available,62.99,62.99,medium,low,8,namesilo,,,28/09/2026 16:46
9fd39621-4280-4a2d-be57-641d2feadca8,opposing.camp,available,62.99,62.99,high,low,8,namesilo,,,04/09/2026 16:38
a5248da9-5dad-4eae-ae81-c246d7eaaad0,infrequent.camp,available,11.99,77.99,medium,low,10,name.com,,,22/08/2026 04:50
5732f3ba-9dac-4bf0-a625-cc4ecc9e6eb5,josiah.camp,available,11.99,77.99,medium,low,6,name.com,,,27/09/2026 01:34
645f4df8-ad9f-4d4f-a964-6530999748f0,expose.camp,available,6.64,51.58,high,low,6,dynadot,,,29/09/2026 16:08
152151b3-d818-4fbd-bdc5-b721a57062d5,plantation.camp,available,49.88,49.88,high,low,10,spaceship,,,28/09/2026 06:31
f5af7bb5-3961-44f9-a67d-44bf87f1f4f6,gretchen.camp,available,62.99,62.99,high,low,8,namesilo,,,29/09/2026 09:29
49f26b98-4789-4ae0-9ff0-17fd7ded0f18,serially.camp,available,62.99,62.99,medium,low,8,namesilo,,,16/09/2026 01:08
996b1885-b2e4-4c72-adde-d4511f9293fe,eliot.camp,available,65.98,78.98,high,low,5,namecheap,,,25/09/2026 05:27
c007b230-5850-4a61-bc37-23f07e8b7209,psd.camp,available,48.2,48.2,high,low,3,cloudflare,,,29/09/2026 21:36
96e9e91a-a255-4b92-893f-86aa8d8de4c4,composite.camp,available,65.98,78.98,high,low,9,namecheap,,,23/09/2026 17:39
cbce3430-36a4-447f-afd6-03e28440b48c,debut.camp,available,65.98,78.98,high,low,5,namecheap,,,24/09/2026 21:09
3072c935-61df-499d-ba8a-13f9dbaf8344,frightening.camp,available,48.2,48.2,medium,low,11,cloudflare,,,28/09/2026 11:19
ac20b04b-69a8-42c3-83a1-bbd039d503eb,buttonwood.camp,available,11.99,77.99,medium,low,10,name.com,,,18/09/2026 20:34
9e50667e-f061-487a-ae59-3dded3216e0a,tess.camp,available,6.64,51.58,medium,low,4,dynadot,,,28/09/2026 21:56
05f810c7-0f5a-48ce-86e6-f26f0e9e5ccc,eagle.camp,resell,,,high,low,5,"Sav.com, LLC - 14",26/07/2026 15:15,26/07/2027 15:15,26/09/2026 05:43
a9cf88c2-c5ba-4c2b-8d49-74b2adf8c0b7,rossi.camp,available,62.99,62.99,high,low,5,namesilo,,,27/09/2026 01:41
50fe6eb2-3b9f-4ee3-ad42-34d95fdc32a8,amplitudes.camp,available,48.2,48.2,medium,low,10,cloudflare,,,30/09/2026 00:33
a342826b-75d2-4ccf-b211-c194cea8e748,dent.camp,available,62.99,62.99,high,low,4,namesilo,,,24/09/2026 21:54
242f9b9b-e98c-4848-b0dd-44d543c9b4df,nightmares.camp,available,49.88,49.88,low,low,10,spaceship,,,29/09/2026 00:01
02d68446-1d00-4d3e-b119-73decdfee9a9,calcutta.camp,available,6.69,49.95,high,low,8,porkbun,,,30/09/2026 00:56
2708d094-65ea-45ac-b439-22dcda396dfa,sterling.camp,available,65.98,78.98,high,low,8,namecheap,,,10/09/2026 20:14
3be8040c-fe88-40c3-8f2d-c37753ebe2b1,rnas.camp,available,65.98,78.98,low,low,4,namecheap,,,29/09/2026 05:15
637fdd5d-e294-43e3-9d27-cee65b99fdf9,celery.camp,available,62.99,62.99,high,low,6,namesilo,,,19/09/2026 17:33
4be8daf3-b327-41a1-b4d0-e1e2ea076a96,faulty.camp,available,11.99,77.99,medium,low,6,name.com,,,13/08/2026 23:08
02edfa13-5454-446f-b7d5-c1e827bfbb61,upstanding.camp,available,62.99,62.99,high,low,10,namesilo,,,12/09/2026 23:22
f583799f-bd08-4150-bf4b-9a43e08bc424,mystical.camp,available,62.99,62.99,high,low,8,namesilo,,,03/09/2026 12:24
05137f9e-a54d-4469-8504-b5210ea8e631,accolade.camp,available,62.99,62.99,high,low,8,namesilo,,,16/09/2026 22:45
1935fd47-cdf0-4d73-a9a3-a39a2ff85669,myself.camp,available,65.98,78.98,high,low,6,namecheap,,,25/09/2026 12:53
2b159342-40ed-4b44-b373-26b52d87bb7b,starving.camp,available,65.98,78.98,medium,low,8,namecheap,,,10/09/2026 19:04
a5a7c241-dd71-4383-aa48-dfb6d4e52af1,colonized.camp,available,11.99,77.99,medium,low,9,name.com,,,12/08/2026 17:23
7e4d7622-b1c4-4150-b3db-4a38d6913192,unposed.camp,available,62.99,62.99,medium,low,7,namesilo,,,12/09/2026 17:15
e79c5ee2-5052-41b8-b278-23b8ced4d44a,waltz.camp,available,62.99,62.99,high,low,5,namesilo,,,28/09/2026 15:32
30175dbb-d8fa-4cd2-8835-b6fc15c99efa,dotted.camp,available,11.99,77.99,medium,low,6,name.com,,,13/08/2026 18:28
77926682-52fe-4b1b-95e5-5dcb6b91210c,spectra.camp,available,65.98,78.98,high,low,7,namecheap,,,18/09/2026 20:18
9697a3b3-d26b-4e24-95af-0ae77d691fa7,unranked.camp,available,62.99,62.99,medium,low,8,namesilo,,,12/09/2026 17:44
5ae8ee19-2e65-41e9-ad2b-aa59ef28df2a,flossy.camp,available,11.99,77.99,medium,low,6,name.com,,,14/08/2026 17:44
587b0cc7-aa3e-4037-90f7-6c622fe9ab1e,annaba.camp,available,62.99,62.99,medium,low,6,namesilo,,,19/09/2026 10:03
c4373c99-b40e-4293-bbd6-2b3c2ef5d2ae,savannah.camp,available,62.99,62.99,high,low,8,namesilo,,,30/09/2026 02:47
b2a59e5b-6401-4c49-ac21-39118954ac8b,troopers.camp,available,48.2,48.2,medium,low,8,cloudflare,,,30/09/2026 16:00
7c8926ce-56d6-41a1-b35f-8cd3358bba07,barbeque.camp,available,62.99,62.99,high,low,8,namesilo,,,29/09/2026 01:07
7de937d6-2d48-439d-85e4-b1bc1a334de9,araceae.camp,available,62.99,62.99,medium,low,7,namesilo,,,19/09/2026 23:36
670494f6-6521-48a0-b051-d906b17f56d5,cursory.camp,available,11.99,77.99,medium,low,7,name.com,,,13/08/2026 11:41
691b18ac-cf09-4b4d-a937-ac72c48c636a,atavism.camp,available,65.98,78.98,medium,low,7,namecheap,,,20/09/2026 19:45
df917757-0b0f-44d8-8785-d1f72920e133,homeland.camp,available,49.88,49.88,medium,low,8,spaceship,,,28/09/2026 09:28
cf8d6d97-0e46-458e-a541-dede598baf13,anklet.camp,available,62.99,62.99,high,low,6,namesilo,,,19/09/2026 09:41
57179010-d11e-470b-bfad-59469618b7df,sioux.camp,available,62.99,62.99,high,low,5,namesilo,,,10/09/2026 08:46
d49e17d6-2fd4-439c-846d-c3a20aff88bc,tests.camp,available,62.99,62.99,medium,low,5,namesilo,,,17/09/2026 22:12
5c168f9b-fc2f-48be-860a-0dbcd86b2fe9,adventitia.camp,available,62.99,62.99,medium,low,10,namesilo,,,17/09/2026 10:36
4196aa90-6a4d-425b-ae57-7453dcadd3e4,favoritism.camp,available,65.98,78.98,medium,low,10,namecheap,,,24/09/2026 22:35
317b7b05-0f36-4684-9a8c-686cbfe0e369,downstairs.camp,available,11.99,77.99,high,low,10,name.com,,,14/08/2026 17:55
23d32c40-d2ec-471d-a236-814115b66cbb,barytes.camp,available,62.99,62.99,medium,low,7,namesilo,,,22/09/2026 06:13
0e4f8a18-d18b-4128-820d-e53e5baff294,unstuck.camp,available,62.99,62.99,medium,low,7,namesilo,,,12/09/2026 20:40
3c00a9dd-d73a-4ad0-a6cf-0b469a2bba8f,pump.camp,resell,,,high,medium,4,Dynadot Inc,13/02/2026 17:00,13/02/2027 17:00,26/09/2026 08:25
f1159f0b-4891-49f3-b24d-7ff090525400,unshaven.camp,available,62.99,62.99,medium,low,8,namesilo,,,12/09/2026 19:40
666773e0-c064-4323-9082-ea26442125c9,dysprosium.camp,available,62.99,62.99,medium,low,10,namesilo,,,20/09/2026 23:28
0333d0ab-ca5d-4a52-87de-0a70e7a397e6,fevered.camp,available,11.99,77.99,medium,low,7,name.com,,,18/08/2026 03:07
cd0bcfcb-c93d-4d34-9190-eaed89f3be3e,weights.camp,available,11.99,,medium,low,7,name.com,,,
de7621c7-8eb6-442e-8b33-d2769c781d15,prodromic.camp,available,62.99,62.99,medium,low,9,namesilo,,,09/09/2026 02:46
503a91dd-4f9e-41ee-8d8a-1206023be2be,intentions.camp,available,49.88,49.88,medium,low,10,spaceship,,,27/09/2026 22:32
3d855772-c0f7-40d1-9153-bb70131dcf90,crops.camp,available,62.99,62.99,medium,low,5,namesilo,,,29/09/2026 04:57
b7633f0e-a296-42ce-9ccb-3a9133eeb3ca,funicular.camp,available,11.99,77.99,medium,low,9,name.com,,,18/08/2026 18:41
019e0964-1078-4f1f-a1c4-be8760f98b39,unvalued.camp,available,62.99,62.99,medium,low,8,namesilo,,,12/09/2026 22:02
dd6ff7e8-49e3-4030-a68c-a3b35800cca5,abel.camp,available,62.99,62.99,high,low,4,namesilo,,,16/09/2026 14:57
7ebf3fe7-c837-4d14-87c3-0b6f9a4ad6b7,unopposed.camp,available,62.99,62.99,medium,low,9,namesilo,,,12/09/2026 16:16
fd8ff719-868c-4919-9013-0e10682d8309,program.camp,available,65.98,78.98,high,low,7,namecheap,,,24/09/2026 17:00
9b1cea58-980c-4172-ab0d-c5faf273855f,playback.camp,available,49.88,49.88,high,low,8,spaceship,,,29/09/2026 13:42
b99dd3e5-51b9-4c53-9f87-c3860adbef0c,murdered.camp,available,62.99,62.99,medium,low,8,namesilo,,,03/09/2026 11:02
19554348-c6e3-4e29-986c-305675df820f,apatura.camp,available,65.98,78.98,medium,low,7,namecheap,,,19/09/2026 16:22
be7a133f-b991-4489-af8d-58025a3fa4eb,haggard.camp,available,11.99,77.99,medium,low,7,name.com,,,10/08/2026 18:56
b8debbd7-06d2-4b64-93c7-6a4902534f6d,optically.camp,available,65.98,78.98,medium,low,9,namecheap,,,15/09/2026 18:03
c0dcdc7d-c632-4591-8f85-b78c31805707,clannish.camp,available,11.99,77.99,medium,low,8,name.com,,,12/08/2026 09:35
e602fc57-3d10-4d04-b292-4f49c13d1822,socialized.camp,available,62.99,62.99,high,low,10,namesilo,,,10/09/2026 13:12
80adda3e-2120-41a9-81fe-da79c428e143,belatedly.camp,available,11.99,77.99,medium,low,9,name.com,,,22/08/2026 20:25
66574f5f-7f8c-40a7-95e1-e07938891389,tremendously.camp,available,48.2,48.2,medium,low,12,cloudflare,,,30/09/2026 19:57
3ad4c3de-50bc-40b2-8a7e-ec25be27bca1,prep.camp,premium,,,high,low,4,,,,28/09/2026 02:07
a0ab491c-7c63-48cf-9e1f-f8a02ead71d0,believer.camp,available,65.98,78.98,high,low,8,namecheap,,,23/09/2026 05:13
3fefedaf-272a-4766-a106-8bca54812e5b,pizza.camp,premium,414.2,414.2,high,medium,5,spaceship,,,01/10/2026 02:37
7e612047-d855-4e69-86b7-33ba96a8c5ef,protester.camp,available,11.99,77.99,medium,low,9,name.com,,,14/08/2026 12:41
2a7c9303-3e4f-44a8-b8db-19aff77de998,tub.camp,available,6.64,51.58,high,low,3,dynadot,,,29/09/2026 01:33
6a84f7ce-da8f-4c9a-a70e-6096a98b8617,minds.camp,available,65.98,78.98,medium,low,5,namecheap,,,25/09/2026 20:20
78bed37a-1890-4eef-840a-f3f449c7efb7,marriages.camp,available,48.2,48.2,medium,low,9,cloudflare,,,28/09/2026 18:09
7cdcc8c5-a03e-4202-a999-4e8282f03d54,pimiento.camp,available,11.99,77.99,medium,low,8,name.com,,,23/09/2026 05:38
df29e480-339a-408a-8670-169d4932ac05,usher.camp,available,49.88,49.88,medium,low,5,spaceship,,,29/09/2026 00:41
2f4dc8f6-31be-4ef4-80d2-d36ab41cbef8,sensational.camp,available,11.99,,high,low,11,name.com,,,
bee53a8e-6f1d-49d3-a46a-b31b07fbe213,zeus.camp,available,62.99,62.99,high,medium,4,namesilo,,,28/09/2026 01:59
4ce4d4c3-b423-4b72-9f23-ba9d91f0e313,unexpectedly.camp,available,65.98,78.98,medium,low,12,namecheap,,,29/09/2026 03:10
b3920457-3dbf-4f26-951a-459a8197a1c3,wailing.camp,available,11.99,77.99,medium,low,7,name.com,,,22/08/2026 19:04
599d411a-e5c3-4929-b916-d0df3a2ab053,extras.camp,available,11.99,,medium,low,6,name.com,,,
89347d7c-3a4d-44fe-80c9-1dcbfa86c747,koranic.camp,available,11.99,77.99,medium,low,7,name.com,,,22/08/2026 16:59
6b5893bf-9e64-4120-9a41-cd45d23e83e4,proposed.camp,available,49.88,49.88,medium,low,8,spaceship,,,28/09/2026 04:49
7bab2d7a-d8f5-4efa-8015-2ff2040c10b0,sculptor.camp,available,62.99,62.99,medium,low,8,namesilo,,,30/09/2026 02:48
1af43d6f-f05e-4028-a716-f10180de5e76,mailed.camp,available,11.99,77.99,medium,low,6,name.com,,,24/08/2026 13:18
082f2dbe-914f-4ea8-8719-48589003e886,pipeline.camp,available,62.99,62.99,high,low,8,namesilo,,,29/09/2026 01:07
d4d8f58c-d73e-4770-903d-dc95e378c380,childish.camp,available,11.99,77.99,high,low,8,name.com,,,12/08/2026 05:02
bf18bf7a-8964-413e-9583-2d5764dbd13e,outta.camp,available,65.98,78.98,medium,low,5,namecheap,,,29/09/2026 20:53
f542d204-7475-4cfd-ac33-6a81a047cff7,picket.camp,available,62.99,62.99,high,low,6,namesilo,,,04/09/2026 23:25
591bf660-ab9e-4dc8-87b4-cf7d208c0a25,aeolia.camp,available,62.99,62.99,low,low,6,namesilo,,,17/09/2026 12:34
003e5f49-37db-414e-b704-0f5599351c3b,cadaverous.camp,available,11.99,77.99,medium,low,10,name.com,,,10/08/2026 18:51
b6e28f3c-68f2-4fa1-bf9d-52b8313af2db,animosity.camp,available,62.99,62.99,medium,low,9,namesilo,,,19/09/2026 09:20
e6aa146d-1cc1-4be4-b840-c68d858eafed,ridicule.camp,available,62.99,62.99,high,low,8,namesilo,,,24/09/2026 02:25
45777632-f90e-45e9-a8d9-9593446e63f1,homes.camp,resell,,,high,low,5,united-domains GmbH,06/09/2016 14:19,06/09/2027 14:19,27/09/2026 06:57
242ca5a1-ad45-4ec6-a75a-c026c617ab8c,guevara.camp,available,49.88,49.88,medium,low,7,spaceship,,,29/09/2026 11:54
1712c998-7ff2-4570-a66c-ec3d1550c8f4,nautical.camp,available,11.99,77.99,high,low,8,name.com,,,24/08/2026 15:58
8e1bce21-e40e-45fa-b9d9-f27f4c20a721,lockport.camp,available,62.99,62.99,medium,low,8,namesilo,,,30/09/2026 13:59
a9238ea5-a99a-446d-b4e1-bcb95e901f12,ascensive.camp,available,11.99,77.99,medium,low,9,name.com,,,07/08/2026 00:46
b5cae2e0-421f-4c91-84f3-e1080a9ff08d,sexy.camp,premium,512,512,high,low,4,namesilo,,,22/09/2026 07:13
11a14e77-8f12-4cea-844f-37d6617c0e09,formic.camp,available,11.99,77.99,medium,low,6,name.com,,,18/08/2026 12:11
85217d22-8193-4804-88d9-5ae62c0dbcde,encoded.camp,available,6.69,49.95,medium,low,7,porkbun,,,30/09/2026 14:32
1e4fb77b-e825-4e01-975d-73dfbaf59390,dalliance.camp,available,62.99,62.99,medium,low,9,namesilo,,,11/09/2026 19:38
334742b1-af91-4368-bb3c-77930dffe7e0,neil.camp,available,62.99,62.99,high,low,4,namesilo,,,25/09/2026 13:57
16f33eac-857d-4a76-b5aa-32ec76211e61,epidermal.camp,available,11.99,77.99,medium,low,9,name.com,,,13/08/2026 13:06
af02bf8e-9257-4390-8b88-4bef8924192f,dublin.camp,available,65.98,78.98,high,low,6,namecheap,,,29/09/2026 18:12
70275255-92f0-4f4d-b61f-ffc8448f46b3,benumb.camp,available,62.99,62.99,medium,low,6,namesilo,,,03/09/2026 22:47
dd17de16-6fe0-4414-940f-d89bb05d06f9,engorge.camp,available,62.99,62.99,medium,low,7,namesilo,,,23/09/2026 17:25
ac3deb89-467f-43e7-bb7e-06229fdd1b38,hives.camp,available,49.88,49.88,high,low,5,spaceship,,,01/10/2026 02:36
367b0c0b-df04-4d3a-a972-783b7772f79d,ornaments.camp,available,49.88,49.88,medium,low,9,spaceship,,,30/09/2026 13:57
b8ab08fa-492e-4d42-bd5c-1e2681406aef,bathos.camp,available,62.99,62.99,medium,low,6,namesilo,,,22/09/2026 13:49
854dfbed-a50d-445b-b103-165a076b6fd5,nestling.camp,available,11.99,77.99,high,low,8,name.com,,,25/08/2026 00:18
4ff6448b-2f3d-4844-973c-14162c2a4ac5,unstained.camp,available,65.98,78.98,medium,low,9,namecheap,,,10/09/2026 18:17
2c645e51-dbdc-47ba-9594-4d3a6f2b1c78,concerns.camp,available,65.98,78.98,medium,low,8,namecheap,,,27/09/2026 11:01
54c59950-420b-4e58-958d-4dc514c30ec6,hesse.camp,available,65.98,78.98,high,low,5,namecheap,,,27/09/2026 04:26
170f810d-837f-4ef6-9584-f26cccd571a0,avocet.camp,available,62.99,62.99,medium,low,6,namesilo,,,21/09/2026 09:44
bf30723b-99db-4022-8408-3c0d1794cc23,drafted.camp,available,48.2,48.2,medium,low,7,cloudflare,,,29/09/2026 04:48
9f70614e-62ce-4ad2-9a35-20a53a50ddcf,avocation.camp,available,62.99,62.99,high,low,9,namesilo,,,21/09/2026 09:37
20d87e32-8ce3-4222-a633-82e5e9cbefdc,eligible.camp,available,11.99,77.99,high,low,8,name.com,,,16/08/2026 04:35
d908a020-9e3d-4923-9a5e-a23d285bb823,emotion.camp,available,49.88,49.88,high,low,7,spaceship,,,29/09/2026 18:04
f1c4b350-9d09-4023-b2c4-f28baefbc4f5,masculine.camp,available,65.98,78.98,high,low,9,namecheap,,,25/09/2026 17:05
a54d49c7-4677-4f72-a40f-5cf65950de9e,inventive.camp,available,49.88,49.88,high,low,9,spaceship,,,28/09/2026 05:59
9b07dde2-d9cc-4e38-b4a3-aed9e58959d1,denominate.camp,available,11.99,77.99,medium,low,10,name.com,,,14/08/2026 03:43
01b608e6-acc2-42b5-aeb1-6d8a45fc327b,supplies.camp,premium,1040,1040,medium,low,8,namecheap,,,
31a2ec29-5a8a-4bbe-9364-9f31ef4b8573,xxxvii.camp,available,11.99,77.99,medium,low,6,name.com,,,
ee73553b-b27b-4b68-ab01-572f6a3f1537,lucrative.camp,available,62.99,62.99,high,low,9,namesilo,,,25/09/2026 15:34
046943bb-ead7-42dd-aea4-e29eb5f771d0,avestan.camp,available,11.99,77.99,medium,low,7,name.com,,,07/08/2026 23:07
3c4899a6-c21d-4c6d-8abb-f67da5926b4f,chard.camp,available,62.99,62.99,medium,low,5,namesilo,,,23/09/2026 10:59
a0c542c4-af85-41cd-a0ff-006c25440abb,gripping.camp,available,62.99,62.99,high,low,8,namesilo,,,21/09/2026 15:05
8320900f-4251-40bd-a03f-96c1ff8f6a9e,conditions.camp,available,62.99,62.99,high,low,10,namesilo,,,28/09/2026 10:19
b39be7a8-452e-4b0e-a130-e1c08bf1b386,huntsville.camp,available,62.99,62.99,high,low,10,namesilo,,,27/09/2026 04:30
2529a323-1a36-4beb-9625-2b8b305bd79a,opium.camp,available,65.98,78.98,medium,low,5,namecheap,,,29/09/2026 01:45
d6bf2248-1725-41ed-9e74-1d4c3f2fc586,selective.camp,available,62.99,62.99,high,low,9,namesilo,,,10/09/2026 01:58
06a58798-f2a8-4129-a692-5bbba45c93ad,prisoners.camp,available,65.98,78.98,medium,low,9,namecheap,,,25/09/2026 20:27
fa13b64a-8a8a-4777-8dcc-5e5d466b989d,return.camp,available,65.98,78.98,high,low,6,namecheap,,,19/09/2026 03:27
6e4cbefd-ba55-4fde-a3cc-9e2d8b018d15,acquittal.camp,available,62.99,62.99,high,low,9,namesilo,,,17/09/2026 02:42
95a0b7f9-1b21-4ce5-8aca-805d4059eb18,deftness.camp,available,62.99,62.99,high,low,8,namesilo,,,17/09/2026 07:43
b21871a5-e407-4248-958c-36480f984581,gar.camp,available,62.99,62.99,medium,low,3,namesilo,,,23/09/2026 16:11
1b06226c-2592-4032-86a0-e242ca776ff5,sakharov.camp,available,62.99,62.99,medium,low,8,namesilo,,,19/09/2026 04:30
7d25b01a-ea23-4bfa-be30-e8288d5503d1,cover.camp,available,62.99,62.99,high,low,5,namesilo,,,22/09/2026 21:52
dc374176-4b89-449c-92b6-749f4837c1a2,singing.camp,available,11.99,77.99,high,low,7,name.com,,,11/08/2026 17:40
25c1962f-67f9-4974-9eed-dad65b31b954,audubon.camp,available,62.99,62.99,high,low,7,namesilo,,,21/09/2026 03:14
d8502192-978c-4dfb-83db-87d073524ea4,distaff.camp,available,11.99,77.99,medium,low,7,name.com,,,14/08/2026 13:01
6bf3f1f8-5975-43b4-9f18-3d25d76bd6f3,ascap.camp,available,49.88,49.88,medium,low,5,spaceship,,,30/09/2026 05:41
e12cc468-959a-4794-a364-8a649e563a2d,alfredo.camp,available,62.99,62.99,high,low,7,namesilo,,,28/09/2026 04:35
faa49a4d-e211-436f-ac88-debcc33494e8,lonesome.camp,available,49.88,49.88,medium,low,8,spaceship,,,28/09/2026 21:14
5436402b-d5c4-414a-b41d-87023d21a7b0,isbn.camp,available,49.88,49.88,high,low,4,spaceship,,,30/09/2026 21:36
7cac1ce6-4021-420f-84c9-077239e4b91f,judicial.camp,available,11.99,77.99,high,low,8,name.com,,,22/08/2026 14:14
f8f66b88-9711-48f7-bb51-c72e6d631723,tipping.camp,available,49.88,49.88,medium,low,7,spaceship,,,29/09/2026 23:33
f1bf3fc8-154f-4645-b08d-7348b6ef7d57,alvin.camp,available,62.99,62.99,high,low,5,namesilo,,,25/09/2026 13:49
5b888d11-d64a-464e-8663-3a39b065eeee,sophisticated.camp,available,11.99,,high,low,13,name.com,,,
a664b347-3c2e-4bd8-b262-6e5496c0e0ed,hunger.camp,available,6.69,49.95,high,low,6,porkbun,,,29/09/2026 23:24
9a1b9ca1-66d3-4931-82e6-c7c42a5da4ba,leadplant.camp,available,62.99,62.99,medium,low,9,namesilo,,,18/09/2026 22:45
9da38347-27a3-4745-bc0e-6d435a8a1ed8,threefold.camp,available,11.99,77.99,high,low,9,name.com,,,14/08/2026 16:42
af0ba7e7-0ea1-4cc0-a2ba-f7713806b1eb,statistically.camp,available,65.98,78.98,low,low,13,namecheap,,,29/09/2026 10:41
94d1c336-9edc-4f90-8601-df9d53642904,unreached.camp,available,65.98,78.98,medium,low,9,namecheap,,,04/09/2026 18:48
fef5c019-03a2-4c8d-99c2-ee47168900ee,scorn.camp,available,62.99,62.99,medium,low,5,namesilo,,,24/09/2026 17:41
a7e5271c-6691-4e87-94af-64323b7909c8,silvertip.camp,available,11.99,77.99,high,low,9,name.com,,,20/08/2026 20:13
943e1dbc-2103-425f-8830-671bd6182ec9,columbian.camp,available,11.99,77.99,medium,low,9,name.com,,,12/08/2026 18:12
02b081bb-1f8a-4650-a984-cd60fb96ed4a,radical.camp,available,11.99,77.99,high,low,7,name.com,,,08/08/2026 21:21
35241e8c-f44e-482d-905b-cbae4350d1cc,fina.camp,available,62.99,62.99,high,low,4,namesilo,,,29/09/2026 14:46
fb75a5ae-6c34-4863-868d-8773842276df,originally.camp,available,62.99,62.99,high,low,10,namesilo,,,15/09/2026 07:14
d0d27977-34b3-4d1a-8896-c447d09e8686,gaba.camp,available,49.88,49.88,high,low,4,spaceship,,,29/09/2026 12:26
f6121e2e-4b88-4d0e-bec0-d5a7274ed3d5,twits.camp,available,62.99,62.99,low,low,5,namesilo,,,21/09/2026 06:16
f2ddd3db-c380-41dc-b7e2-3a65f895f04f,paleozoic.camp,available,62.99,62.99,medium,low,9,namesilo,,,04/09/2026 23:39
094fadf5-363f-4524-a5fb-8380a3693c8c,viable.camp,available,11.99,77.99,high,low,6,name.com,,,17/08/2026 16:52
9e952b5e-b99c-4834-94cf-a9b6e4fc0c80,turned.camp,available,62.99,62.99,medium,low,6,namesilo,,,28/09/2026 09:34
c8f78760-f7c8-44ba-9837-2f5bad115a87,retrospect.camp,available,65.98,78.98,high,low,10,namecheap,,,30/09/2026 18:28
89312b17-3545-44ff-aed0-2a2e272254cf,string.camp,available,62.99,62.99,high,low,6,namesilo,,,24/09/2026 07:38
016eb97f-84f8-4c51-9a8c-7b6d656e68f9,slept.camp,available,11.99,,medium,low,5,name.com,,,
6583f564-6c9f-424c-ad30-49946e7026f2,aconitum.camp,available,62.99,62.99,medium,low,8,namesilo,,,17/09/2026 02:06
7896c152-4a98-4816-8bfd-0498cb9e16af,aigret.camp,available,11.99,77.99,medium,low,6,name.com,,,17/09/2026 20:56
6ea4400f-eabf-45c9-a405-ef6c150c5d50,surfing.camp,premium,220,220,high,low,7,dynadot,,,29/09/2026 02:15
05dfa03b-0a1d-444d-a8b8-b5b96600963f,nilpotent.camp,available,62.99,62.99,medium,low,9,namesilo,,,03/09/2026 17:28
1e5d975c-63ee-4d9b-95d4-6843814625f2,charnel.camp,available,11.99,77.99,medium,low,7,name.com,,,12/08/2026 02:37
531f92dd-5db3-47f4-b28f-23b7932e59cb,rom.camp,available,49.88,49.88,high,low,3,spaceship,,,28/09/2026 19:13
1f6e5681-e7c4-4b42-86c2-554d76bc882d,miotic.camp,available,11.99,77.99,medium,low,6,name.com,,,25/08/2026 01:00
c0ae4013-35f3-45be-8c35-2adb0bf73d1b,bugbane.camp,available,65.98,78.98,medium,low,7,namecheap,,,18/09/2026 20:09
168f7e41-04d1-44a3-90cc-2dada0f93e65,killer.camp,available,62.99,62.99,high,low,6,namesilo,,,24/09/2026 13:14
238d0655-3884-465a-a1f1-33f846906b3c,horsefish.camp,available,65.98,78.98,medium,low,9,namecheap,,,20/09/2026 21:39
40d1a6f2-94b3-4473-85ee-22b74b29d769,shields.camp,available,62.99,62.99,medium,low,7,namesilo,,,28/09/2026 08:03
021cc13c-03e4-48f0-9d7b-08e7917ab2b7,consular.camp,available,11.99,77.99,high,low,8,name.com,,,12/08/2026 23:02
9c0361b4-88a0-41eb-a321-1fcfc67a41cb,tenacious.camp,available,65.98,78.98,high,low,9,namecheap,,,19/09/2026 16:19
2ed2443a-3389-47de-a24c-a1eb91cfff3d,depictive.camp,available,11.99,77.99,medium,low,9,name.com,,,14/08/2026 00:41
1f078d0c-5733-4853-9e21-92eb6b07aeec,addition.camp,available,65.98,78.98,high,low,8,namecheap,,,28/09/2026 18:22
82b8f325-5c04-405a-b2e1-b9fd1a8e159f,readable.camp,available,11.99,77.99,high,low,8,name.com,,,13/08/2026 21:32
dae9cfe0-7ee6-4ed5-b67d-51c0fbaaa63d,rostov.camp,available,49.88,49.88,medium,low,6,spaceship,,,30/09/2026 02:44
31223d1f-7ae7-4a03-b1b3-45fff0ffb21d,disrepair.camp,available,62.99,62.99,medium,low,9,namesilo,,,24/09/2026 23:02
59514d7d-fad0-4290-931c-8e116b91d2c9,expansion.camp,available,48.2,48.2,high,low,9,cloudflare,,,28/09/2026 19:05
b4e5e598-a908-4a11-bd2f-af58585f60f9,immutably.camp,available,11.99,77.99,medium,low,9,name.com,,,15/09/2026 02:06
980b8acd-cf2a-435b-b4f1-7d5c34fd2bb4,teutonic.camp,available,62.99,62.99,medium,low,8,namesilo,,,11/09/2026 12:13
dad0a642-8294-4349-b003-d017ee63bc96,scarred.camp,available,62.99,62.99,medium,low,7,namesilo,,,25/09/2026 17:02
23b69c23-03bf-45cf-b970-30015248c134,banksia.camp,available,65.98,78.98,high,low,7,namecheap,,,22/09/2026 02:53
be50f99d-60b8-4f78-9638-079ed1c4e4b4,paintings.camp,available,62.99,62.99,high,low,9,namesilo,,,27/09/2026 03:04
4b72d2d0-e40d-42f0-a547-277904ef6d37,potsdam.camp,available,6.64,51.58,high,low,7,dynadot,,,27/09/2026 15:23
c1889619-312a-4f40-9b1d-a92711feee90,caloric.camp,available,11.99,77.99,medium,low,7,name.com,,,11/08/2026 15:07
4f2a3730-9f3d-46a7-801b-77b0cc0e1edc,jinxed.camp,available,11.99,77.99,medium,low,6,name.com,,,21/08/2026 07:53
b1b0368c-2159-4d7b-bf95-8609c9e8b51d,jordanian.camp,available,11.99,77.99,high,low,9,name.com,,,22/08/2026 14:01
21310277-eecc-4511-98ee-83f9c685898b,volkswagen.camp,available,11.99,,high,low,10,name.com,,,
6592e076-90c0-4258-a583-3a287e1d1100,bns.camp,available,65.98,78.98,high,low,3,namecheap,,,21/09/2026 14:15
2803ac90-2fb3-447a-8e83-7eca29684997,dodson.camp,available,6.69,49.95,medium,low,6,porkbun,,,29/09/2026 22:21
7d10bb12-2a98-4847-ab5d-ae6e37e5d89a,prettily.camp,available,65.98,78.98,medium,low,8,namecheap,,,15/09/2026 21:22
ba15acb7-5039-433d-aa7c-50ac3ac51021,dalmatian.camp,available,11.99,77.99,high,low,9,name.com,,,13/08/2026 16:00
18c05e6f-110d-418d-b80a-6c1027cf0560,boehm.camp,available,65.98,78.98,high,low,5,namecheap,,,23/09/2026 03:39
5775a873-ce59-482c-905e-1a5a663e90fa,ocs.camp,available,48.2,48.2,high,low,3,cloudflare,,,30/09/2026 13:05
47adf8d8-a57d-4a92-986c-7611ac9bb1d6,deliver.camp,available,6.64,51.58,high,low,7,dynadot,,,29/09/2026 02:52
9a2dfca4-3578-4e7c-8d4e-4b8b95e6ec71,hypnagogic.camp,available,11.99,77.99,medium,low,10,name.com,,,21/08/2026 17:03
67680411-7126-451a-bee4-1bb4b02994a8,accumulate.camp,available,11.99,77.99,high,low,10,name.com,,,12/08/2026 16:47
f9190f0e-1be4-40fc-a695-83b2c3917715,necessarily.camp,available,49.88,49.88,medium,low,11,spaceship,,,01/10/2026 01:47
14c9280e-8461-47c5-8caf-e3816a3a82e3,conscientious.camp,available,49.88,49.88,high,low,13,spaceship,,,30/09/2026 19:32
e1949af7-0ee8-448e-9d6e-5f3283eebcb2,bawbee.camp,available,65.98,78.98,medium,low,6,namecheap,,,22/09/2026 16:46
40b9c135-7956-4e87-8868-e5ed27e9d7c9,asiatic.camp,available,11.99,77.99,medium,low,7,name.com,,,07/08/2026 02:29
658a36a0-451a-4fb5-bf98-83fdb448be1f,atwood.camp,available,48.2,48.2,medium,low,6,cloudflare,,,28/09/2026 18:22
a6f827b5-45c2-4ade-9e8d-89d2e3841c58,infantry.camp,available,62.99,62.99,high,low,8,namesilo,,,29/09/2026 13:08
e7cc7aae-3954-4afc-be25-f6fae9a58847,wallpaper.camp,available,62.99,62.99,high,low,9,namesilo,,,29/09/2026 08:18
76338ef8-d77a-410a-bb56-f0daf6c85cfb,adorable.camp,available,65.98,78.98,high,low,8,namecheap,,,21/09/2026 19:18
39a02d16-563c-4441-a37f-6e593f88c7fa,procurable.camp,available,11.99,77.99,medium,low,10,name.com,,,18/08/2026 23:08
0bf411a0-4b05-4884-a881-6b68071a82cd,toothy.camp,available,62.99,62.99,medium,low,6,namesilo,,,11/09/2026 17:20
3d149d7b-ddba-4cf6-98db-17df172308f3,febrile.camp,available,11.99,77.99,medium,low,7,name.com,,,18/08/2026 00:27
228249d7-ab85-4bcf-88a6-f375367d3621,bedfordshire.camp,available,6.64,51.58,medium,low,12,dynadot,,,30/09/2026 12:54
b0edb651-b711-4ba7-893f-f946d3367fa9,unvented.camp,available,62.99,62.99,low,low,8,namesilo,,,12/09/2026 22:11
8a7a2514-e8b6-4c00-8352-eafddb6a1c1f,remedy.camp,available,11.99,77.99,high,low,6,name.com,,,13/08/2026 11:01
b1c72a3c-681e-4d3f-b92d-030d45827913,rim.camp,available,65.98,78.98,high,low,3,namecheap,,,24/09/2026 10:31
3e50ceba-8c2e-46d7-889b-b12d692146c1,generally.camp,available,48.2,48.2,medium,low,9,cloudflare,,,28/09/2026 13:35
e9f5310f-e10c-4481-87ba-efe4060b4d0c,moneyed.camp,available,11.99,77.99,high,low,7,name.com,,,
1a229d9f-c532-4784-8741-f9226d503e63,detailed.camp,available,62.99,62.99,high,low,8,namesilo,,,24/09/2026 07:09
b252ca2d-ac9d-40ae-971f-3dc412fb2b62,packer.camp,available,62.99,62.99,high,low,6,namesilo,,,21/09/2026 15:45
261eada9-28ab-4f3e-b55b-ee5e4c695276,womb.camp,available,6.64,51.58,high,low,4,dynadot,,,28/09/2026 20:42
b1855f7d-89fa-4dad-b818-2a8af04cc738,flaps.camp,available,49.88,49.88,high,low,5,spaceship,,,30/09/2026 09:40
85184e5f-6452-4be5-8705-4f5db5b55877,awaken.camp,available,62.99,62.99,high,low,6,namesilo,,,22/09/2026 14:40
e7052855-2668-434b-b8e1-cbb7bacca94f,spill.camp,available,48.2,48.2,high,low,5,cloudflare,,,27/09/2026 15:56
a0de8282-66da-4497-a659-3b895e974959,receptive.camp,available,62.99,62.99,high,low,9,namesilo,,,09/09/2026 11:23
a9a04133-7fd7-426b-aa8a-728bc8b97fde,piggy.camp,available,11.99,77.99,high,low,5,name.com,,,21/08/2026 10:19
85ef1b62-2cec-483e-b048-450f714f6590,magnetic.camp,available,11.99,77.99,high,low,8,name.com,,,12/08/2026 02:32
6afbdc89-3df7-4795-9d13-dc258cfbbcef,personable.camp,available,65.98,78.98,high,low,10,namecheap,,,08/09/2026 17:59
ee67cdb0-64f2-40a4-84fe-ffe289502fe2,sycamore.camp,available,65.98,78.98,high,low,8,namecheap,,,16/09/2026 23:36
31f1986c-0045-44f6-aaff-0c483c5816b6,deliberately.camp,available,62.99,62.99,medium,low,12,namesilo,,,28/09/2026 11:27
cd73e629-cb02-4e29-8b81-9effa4c16a22,zillion.camp,available,65.98,78.98,high,low,7,namecheap,,,11/09/2026 19:50
e39048ac-aa7e-4470-b126-c306aabe9e1a,bleb.camp,available,62.99,62.99,medium,low,4,namesilo,,,24/09/2026 05:21
974aaec5-e476-4675-b4ce-6a92f8cabaab,apiary.camp,available,62.99,62.99,high,low,6,namesilo,,,19/09/2026 17:20
b7ec33ef-b4c4-415d-bb83-c2dcb3ff3a28,oldenburg.camp,available,48.2,48.2,medium,low,9,cloudflare,,,29/09/2026 06:22
e88a1b3c-e9e0-4b40-ad57-24c8052fb6d4,riveting.camp,available,62.99,62.99,high,low,8,namesilo,,,21/09/2026 15:09
614d6e17-dc37-4fc0-a075-fc78ccf6849d,coaster.camp,available,49.88,49.88,high,low,7,spaceship,,,28/09/2026 18:46
d8cb549d-a74f-4821-8763-3e0f4e66bff8,assessable.camp,available,11.99,77.99,medium,low,10,name.com,,,07/08/2026 06:04
6c9d3c8d-d3a4-4308-bb46-33eb0673ac47,gallium.camp,available,62.99,62.99,medium,low,7,namesilo,,,20/09/2026 22:50
3a073505-4660-4a46-bddc-16243a428642,aeonian.camp,available,11.99,77.99,medium,low,7,name.com,,,
8718a24a-04c1-4793-9fae-5bdd5b23ca92,blowout.camp,available,62.99,62.99,high,low,7,namesilo,,,27/09/2026 16:59
9883f417-2ff4-4c52-ad86-a227733fcfc3,pomegranates.camp,available,62.99,62.99,medium,low,12,namesilo,,,20/09/2026 01:42
7c676be5-c308-4aca-96c0-17d02b927dcb,dubbed.camp,available,6.64,51.58,medium,low,6,dynadot,,,30/09/2026 07:36
f392a1b9-39a8-402a-82a8-2371d0e03448,passim.camp,available,65.98,78.98,high,low,6,namecheap,,,15/09/2026 19:07
f08fec72-4507-46d5-8554-2c38eedde2ce,handicap.camp,available,62.99,62.99,high,low,8,namesilo,,,24/09/2026 07:39
6b121095-20f3-4a4c-be3b-ec92def9932c,bevy.camp,available,62.99,62.99,medium,low,4,namesilo,,,23/09/2026 12:05
3688c481-2b59-4105-9a6b-4a3aea18ad7c,upc.camp,available,62.99,62.99,high,low,3,namesilo,,,30/09/2026 21:48
795637df-4f86-4bc0-a481-8d2c53d28f93,jing.camp,available,65.98,78.98,high,low,4,namecheap,,,30/09/2026 19:50
79f8cb9c-8cb6-42c8-9301-a00a85c1ffec,elbert.camp,available,62.99,62.99,medium,low,6,namesilo,,,30/09/2026 05:08
41d00655-2899-42b8-a529-63b0055c21f4,misery.camp,available,62.99,62.99,medium,low,6,namesilo,,,27/09/2026 04:46
05f4ea3d-c6c2-45f1-8d02-b0aef35a9638,insects.camp,available,49.88,49.88,medium,low,7,spaceship,,,28/09/2026 22:56
c4340247-cd87-4b5e-912d-d69fcea8ea45,elaborate.camp,available,62.99,62.99,high,low,9,namesilo,,,24/09/2026 07:12
e3ceb0e0-1ccc-4f02-9036-6ac13539eab2,brachial.camp,available,11.99,77.99,medium,low,8,name.com,,,11/08/2026 00:19
2cd8b854-7aeb-4976-add4-c35ab4cd9194,shoe.camp,available,62.99,62.99,high,low,4,namesilo,,,29/09/2026 03:56
d9d2f408-0e58-4f35-9b57-db4a23965c79,stopped.camp,available,62.99,62.99,high,low,7,namesilo,,,28/09/2026 01:05
6f6fd2f4-b3c7-4d98-a2a5-ad7dac758fa9,primer.camp,available,49.88,49.88,high,low,6,spaceship,,,29/09/2026 19:29
c91e60f3-df35-4d8a-a81d-1f5ff2a708d2,dusky.camp,available,11.99,77.99,high,low,5,name.com,,,14/08/2026 21:32
be408eb5-869d-47d3-af51-714643fd854c,squalid.camp,available,62.99,62.99,medium,low,7,namesilo,,,10/09/2026 14:31
5e305536-61b4-4571-89df-d03e30a62b70,hazardous.camp,available,11.99,77.99,medium,low,9,name.com,,,21/08/2026 01:42
5001fbc0-21f0-4a15-984d-44838a028c58,godly.camp,available,11.99,77.99,high,low,5,name.com,,,14/08/2026 13:55
72b074e2-c782-4f5f-aba2-e56e400d562f,edgar.camp,available,62.99,62.99,high,low,5,namesilo,,,25/09/2026 22:32
b1fa3759-ece2-4427-9bc8-bd4ac15059c3,volt.camp,available,62.99,62.99,high,low,4,namesilo,,,13/09/2026 00:34
c9009996-6d56-43cf-a26c-d53f3ed746dd,albumen.camp,available,11.99,77.99,high,low,7,name.com,,,18/09/2026 03:31
afddb291-9df0-4c99-8724-2d50b2f211ec,geoffrey.camp,available,65.98,78.98,medium,low,8,namecheap,,,25/09/2026 13:35
0c74b042-f14a-483d-ba66-cb4bc955350f,carnal.camp,available,11.99,77.99,high,low,6,name.com,,,
292df12a-6932-41eb-98c8-b1546ad3e1dc,alteration.camp,available,62.99,62.99,high,low,10,namesilo,,,18/09/2026 14:42
06ffe7ce-da43-4591-82cc-39ceacb6e67d,alosa.camp,available,62.99,62.99,medium,low,5,namesilo,,,18/09/2026 13:26
26576531-4465-4174-999c-5671419cbda5,punic.camp,available,11.99,77.99,medium,low,5,name.com,,,11/08/2026 19:51
45898fe0-bfb8-4b9e-ad53-673447356075,jur.camp,available,62.99,62.99,medium,low,3,namesilo,,,30/09/2026 04:32
6edfc4f4-6b7e-40cf-bda9-c32244f52226,gratuitous.camp,available,11.99,77.99,medium,low,10,name.com,,,13/08/2026 03:14
0089f68f-91f6-42a7-98c3-e57a440e2e2c,howl.camp,available,62.99,62.99,high,low,4,namesilo,,,25/09/2026 00:27
4f30b22b-defd-4634-bc26-9610fa81a1ad,bragger.camp,available,11.99,77.99,medium,low,7,name.com,,,11/08/2026 01:14
ded3efd4-698a-4449-8741-cd3203b1ef44,byrd.camp,available,62.99,62.99,high,low,4,namesilo,,,17/09/2026 08:47
824a8664-04bd-40ac-84d0-b463a737ecf6,eastwood.camp,available,62.99,62.99,high,low,8,namesilo,,,28/09/2026 21:36
e6771c9f-32e9-4209-bcac-22e262031762,goddamn.camp,available,11.99,77.99,medium,low,7,name.com,,,10/08/2026 12:46
23dffc92-cb09-4f4e-a109-20ecf0d9ef5c,astragalus.camp,available,62.99,62.99,medium,low,10,namesilo,,,19/09/2026 09:45
19bc5434-a7db-49ef-bcd7-ebf34743073f,frequencies.camp,available,49.88,49.88,medium,low,11,spaceship,,,29/09/2026 10:28
d3c2f092-9a5b-4239-b1c6-ada46d1dbf84,nahuatl.camp,available,62.99,62.99,medium,low,7,namesilo,,,01/10/2026 03:02
6b1a7477-9281-4f8b-8217-a720fc80e5a2,climbs.camp,available,62.99,62.99,medium,low,6,namesilo,,,30/09/2026 15:59
ed82a4c1-40a3-473c-acd3-86d9e62d141b,chipper.camp,available,11.99,77.99,high,low,7,name.com,,,12/08/2026 05:56
9f9567f2-00b0-49a8-99dd-ed3cdd25cb50,robeson.camp,available,62.99,62.99,medium,low,7,namesilo,,,29/09/2026 13:40
4f682a29-7bd4-4238-860b-679c7233fecb,arbitrarily.camp,available,11.99,,medium,low,11,name.com,,,
93ae1a7c-e129-4aaf-bc26-6ff9c9f39990,corrections.camp,available,65.98,78.98,high,low,11,namecheap,,,17/09/2026 22:27
feb2db56-e270-4e81-b44d-2b742ef03bec,rattled.camp,available,11.99,77.99,medium,low,7,name.com,,,18/08/2026 09:33
ea9defbc-f69d-491a-940a-3bff2356170e,augury.camp,available,62.99,62.99,medium,low,6,namesilo,,,21/09/2026 03:41
b13b953c-6a81-4809-9a27-0a138bbdfb50,numb.camp,available,65.98,78.98,medium,low,4,namecheap,,,22/09/2026 19:39
ec9d1dfc-3349-40d1-b2fa-35a24659a990,asparagus.camp,available,62.99,62.99,high,low,9,namesilo,,,20/09/2026 14:40
9eb6a665-6f7d-4a0f-8e25-23b1749c3e7f,priced.camp,available,6.64,51.58,high,low,6,dynadot,,,30/09/2026 00:11
a8eab065-0fdb-47e1-9d96-a2002246be5f,deacon.camp,available,65.98,78.98,high,low,6,namecheap,,,30/09/2026 09:20
dfa1739b-91a2-40a5-ba0e-a2fb493e9844,precarious.camp,available,62.99,62.99,medium,low,10,namesilo,,,08/09/2026 01:44
4e5e9ed0-dd3f-422b-8300-d8905fbde50f,guiltless.camp,available,11.99,77.99,high,low,9,name.com,,,12/08/2026 10:18
82359c68-cac1-4d4c-bf0a-b03096a21039,auditions.camp,available,62.99,62.99,medium,low,9,namesilo,,,30/09/2026 16:27
defe6990-12fa-45bf-8930-1ea4f4d1b235,suspend.camp,available,48.2,48.2,high,low,7,cloudflare,,,30/09/2026 18:25
71af56f4-58e8-4309-86d5-b1be16359739,severe.camp,available,62.99,62.99,medium,low,6,namesilo,,,22/09/2026 13:18
6b6330bc-cd19-4b44-aadd-3f744bfb184d,bedrest.camp,available,62.99,62.99,high,low,7,namesilo,,,22/09/2026 23:03
2bde084c-7e94-4dfe-98e9-739a10d5ca8d,dslr.camp,available,11.99,,high,low,4,name.com,,,
411e6a62-b0df-4d39-b185-0913e7de2ea2,tendency.camp,available,11.99,77.99,high,low,8,name.com,,,22/08/2026 22:11
5290ddd2-f99e-4056-9366-3726b73b63b9,suspension.camp,available,62.99,62.99,high,low,10,namesilo,,,28/09/2026 16:59
b97c702e-ae79-4359-8410-706b869ff8e2,shop.camp,resell,,,high,medium,4,Edomains LLC,19/01/2025 15:15,19/01/2027 15:15,26/09/2026 08:59
b1513344-2174-4746-9c71-a8949f123aad,mri.camp,available,62.99,62.99,high,low,3,namesilo,,,25/09/2026 23:30
5ad5ed0c-1eb2-4f52-bf8e-c94a1cc22a12,unstylish.camp,available,62.99,62.99,medium,low,9,namesilo,,,10/09/2026 23:17
2459ae2c-89a3-49f0-b139-dd774c98aa01,shirts.camp,available,62.99,62.99,medium,low,6,namesilo,,,27/09/2026 11:13
9596d03f-7245-48d1-9c70-72a3f19f3f87,designers.camp,available,6.64,51.58,high,low,9,dynadot,,,29/09/2026 12:09
047f6e00-a9e9-4f18-8bfd-6e2604377ed6,avalanche.camp,available,62.99,62.99,high,low,9,namesilo,,,21/09/2026 08:38
f3d8baad-562e-440e-a8ba-78b4548337fd,abm.camp,available,62.99,62.99,high,low,3,namesilo,,,16/09/2026 16:15
ff46c3d5-032b-48c5-8c41-8ca1b3325469,develops.camp,available,6.64,51.58,medium,low,8,dynadot,,,30/09/2026 00:25
58f797ad-c6c0-4b40-b063-8133655bfb86,wired.camp,available,62.99,62.99,high,low,5,namesilo,,,27/09/2026 08:11
e857fd23-b52a-455a-aa2f-d21bc60b375b,guessed.camp,available,49.88,49.88,low,low,7,spaceship,,,29/09/2026 11:03
7d3403cc-a28d-4a5f-b475-fe7ac8cc2bcf,dermic.camp,available,11.99,77.99,medium,low,6,name.com,,,14/08/2026 03:09
f40d83c9-9a38-4fa4-b8d5-112e9dded061,bethany.camp,available,49.88,49.88,medium,low,7,spaceship,,,28/09/2026 07:45
ede912b8-8eaf-4a19-9a8a-b4e4458fe170,kinds.camp,available,65.98,78.98,medium,low,5,namecheap,,,25/09/2026 19:57
d0b97441-eac6-48e5-85a2-901cd7006d33,punched.camp,available,62.99,62.99,medium,low,7,namesilo,,,19/09/2026 01:53
ef4c35a1-fe3e-4655-bf46-12e3877f0c75,northmost.camp,available,65.98,78.98,medium,low,9,namecheap,,,03/09/2026 21:38
dfee5ff1-0e98-4fdd-9497-9fc57700ef65,baeda.camp,available,62.99,62.99,medium,low,5,namesilo,,,21/09/2026 17:19
53cc3c80-84bb-4bed-9c87-e228a4fbbe65,forging.camp,available,65.98,78.98,high,low,7,namecheap,,,30/09/2026 17:22
b7ae2e05-e46e-4d63-b7a3-21fd50605c85,aurous.camp,available,11.99,77.99,medium,low,6,name.com,,,07/08/2026 17:31
c632deb1-93ed-4eea-bb85-a4b38509a879,landlocked.camp,available,11.99,77.99,medium,low,10,name.com,,,22/08/2026 19:26
1022bc0d-e973-479d-91f1-8f5f0568fd62,dendritic.camp,available,11.99,77.99,medium,low,9,name.com,,,14/08/2026 01:48
35aa9d5a-6a46-4eda-a9bf-9c5ad12c8441,publicized.camp,available,62.99,62.99,high,low,10,namesilo,,,27/09/2026 08:05
4e38c290-f253-41f2-be4e-9a64a3780a79,churl.camp,available,11.99,77.99,medium,low,5,name.com,,,13/08/2026 05:00
32b60ab6-f9f5-46d8-9328-001cd5615549,inaudible.camp,available,11.99,77.99,medium,low,9,name.com,,,22/08/2026 00:33
6f96a2fa-ef47-46c1-a62c-ba7c11184888,southern.camp,available,62.99,62.99,high,low,8,namesilo,,,27/09/2026 23:59
7a834eea-fb64-400e-ab84-f9fda7468894,mesmerized.camp,available,11.99,77.99,high,low,10,name.com,,,17/08/2026 22:50
80c26573-dd69-4e0a-a755-75f28b79945f,grate.camp,available,11.99,77.99,high,low,5,name.com,,,20/08/2026 18:33
99d73c46-525b-46df-afd2-99498fbbd21b,burgess.camp,available,62.99,62.99,medium,low,7,namesilo,,,19/09/2026 13:35
1480c36d-1dbd-4668-8f57-fcf62eb4d278,barbarous.camp,available,11.99,77.99,medium,low,9,name.com,,,08/08/2026 15:40
125274d0-fd6b-4e61-80e4-a832944c5a10,knitting.camp,available,48.2,48.2,high,low,8,cloudflare,,,29/09/2026 01:31
250dc789-2a10-4747-b7d0-032ccce2a88f,seasick.camp,available,11.99,77.99,medium,low,7,name.com,,,
69786093-ac11-4505-a5c3-0f79684945a1,prat.camp,available,11.99,77.99,medium,low,4,name.com,,,09/08/2026 11:18
e07a29be-e836-4d7b-80bf-e186a632fb2d,baronage.camp,available,62.99,62.99,medium,low,8,namesilo,,,22/09/2026 07:18
c84eb4d7-387f-4ee0-a1b9-703c19da4776,dwarf.camp,available,11.99,77.99,medium,low,5,name.com,,,24/08/2026 22:31
cd2edf8e-5bc2-4727-9ce0-7d56bca59f84,barberry.camp,available,65.98,78.98,medium,low,8,namecheap,,,22/09/2026 04:51
07393409-a0da-4aa5-9235-4fb276fbbccd,acetal.camp,available,62.99,62.99,medium,low,6,namesilo,,,16/09/2026 23:47
09cb0445-b32d-4e41-bc5a-f351bcaed94b,laughs.camp,available,65.98,78.98,medium,low,6,namecheap,,,27/09/2026 03:15
f892f637-cc61-4b43-9de3-fd2793b91958,complaints.camp,available,62.99,62.99,medium,low,10,namesilo,,,18/09/2026 03:41
20f2d103-ac51-4692-bf6e-7f152d9eff37,stoker.camp,available,62.99,62.99,medium,low,6,namesilo,,,16/09/2026 16:53
5a3b2663-0bae-421a-9542-3457c21f06cc,chaff.camp,available,11.99,77.99,medium,low,5,name.com,,,22/08/2026 13:50
2bf3682d-7b7f-47af-9515-32a84d2159be,republic.camp,available,62.99,62.99,high,low,8,namesilo,,,27/09/2026 15:32
07caa9cd-4109-4a0f-acc0-ebb498669059,inglis.camp,available,62.99,62.99,medium,low,6,namesilo,,,29/09/2026 14:51
a033ca47-ee00-465f-8571-da1e5de3e2f4,sports.camp,available,,,high,medium,6,,,,
4440ed2d-c339-4a6c-89b6-3dd8173078ea,auld.camp,available,11.99,77.99,medium,low,4,name.com,,,07/08/2026 17:21
8c139dab-fe3d-428c-8b9b-c63c849d8f49,mojo.camp,available,6.64,51.58,high,medium,4,dynadot,,,30/09/2026 04:53
3631dd1e-cd7c-4b1d-86bc-d81189b53f1b,hottest.camp,available,48.2,48.2,medium,low,7,cloudflare,,,28/09/2026 13:20
43624223-3c2e-411d-a66a-23fa1b14cde8,camped.camp,available,109.99,109.99,high,low,6,godaddy,,,01/10/2026 00:22
85279b6f-6161-4059-953c-dd7547a7c2e3,augend.camp,available,62.99,62.99,medium,low,6,namesilo,,,21/09/2026 03:16
825a2376-0bbb-4d6d-853b-152fc6f974fa,armand.camp,available,49.88,49.88,medium,low,6,spaceship,,,28/09/2026 07:26
200d65c3-9bd1-4cd1-9ebf-edfc8c46bb10,attended.camp,available,62.99,62.99,medium,low,8,namesilo,,,22/09/2026 11:17
aeda0be6-57b4-4cd8-9b75-a3d210f400a3,sweptwing.camp,available,62.99,62.99,medium,low,9,namesilo,,,11/09/2026 05:46
7ca1b293-ba57-43d6-ba1d-f1716f2f19fb,universally.camp,available,11.99,,high,low,11,name.com,,,
939bd5f1-820e-45fe-97be-76ef0fb5d924,beachfront.camp,available,65.98,78.98,high,low,10,namecheap,,,22/09/2026 19:04
07c0accd-3627-4200-af07-3fcae7b65b6f,vitalizing.camp,available,11.99,77.99,high,low,10,name.com,,,23/08/2026 01:35
36eabc66-7846-4079-af74-72b0efa9671d,backblast.camp,available,62.99,62.99,medium,low,9,namesilo,,,21/09/2026 14:26
f098ea6d-0d4c-4853-bb86-8c3075a433be,ideational.camp,available,11.99,77.99,medium,low,10,name.com,,,12/08/2026 19:59
cab2ed71-da8e-4b13-a614-2f6770066f6c,baguet.camp,available,65.98,78.98,medium,low,6,namecheap,,,21/09/2026 18:30
8b392b46-fcd7-439c-8b56-dab07e3d53ba,scrubbed.camp,available,49.88,49.88,medium,low,8,spaceship,,,27/09/2026 18:56
aa8a7a6c-f5ad-496e-ae5e-95662dd2e34b,delphi.camp,available,49.88,49.88,high,low,6,spaceship,,,28/09/2026 09:31
95043159-3a6c-46f8-9432-18b5c53de6fe,usable.camp,available,62.99,62.99,high,low,6,namesilo,,,12/09/2026 23:59
17ea15ce-9f5b-4a98-a32a-2d6c4932e9ae,fingered.camp,available,11.99,77.99,medium,low,8,name.com,,,18/08/2026 04:53
366d2fe0-2b43-4b2d-a2c6-b8fc7eb0df65,taurine.camp,available,62.99,62.99,medium,low,7,namesilo,,,11/09/2026 09:15
f23bcdce-0a9a-4970-abf3-a9817d8076de,windflower.camp,available,62.99,62.99,high,low,10,namesilo,,,19/09/2026 05:19
6ff7cf65-b265-4ceb-bbe6-3d5cd6759aa9,lay.camp,available,62.99,62.99,high,low,3,namesilo,,,25/09/2026 13:03
256fd039-13ea-41ed-8b4a-0ba36e1dff39,predict.camp,available,62.99,62.99,high,medium,7,namesilo,,,21/09/2026 03:41
6d1e1e06-27de-4fb9-b2da-b4f0923217c3,balky.camp,available,11.99,77.99,medium,low,5,name.com,,,08/08/2026 09:55
7a459ce3-1ee6-43d0-b542-391ec740f09a,banderilla.camp,available,62.99,62.99,medium,low,10,namesilo,,,22/09/2026 01:12
fa45eab7-6c39-4ff9-a90f-93b81c89b7df,monaural.camp,available,11.99,77.99,medium,low,8,name.com,,,25/08/2026 04:20
13de92da-1267-4a8e-a441-ee688a15abbd,titanic.camp,available,11.99,77.99,high,low,7,name.com,,,11/09/2026 16:30
e2001347-9160-4699-8da9-375515e32ab0,semihard.camp,available,62.99,62.99,medium,low,8,namesilo,,,10/09/2026 03:04
daf0ea86-a5ad-4d3d-93a6-2f55550b0b0b,stimuli.camp,available,48.2,48.2,medium,low,7,cloudflare,,,30/09/2026 23:20
f16ff933-25a8-4817-87f1-c8f8dceff6f1,biotech.camp,available,11.99,77.99,high,low,7,name.com,,,23/09/2026 19:06
2c29fe38-56f3-429a-a1e3-08a020e70964,notebook.camp,available,62.99,62.99,high,low,8,namesilo,,,28/09/2026 10:36
78dac637-9783-46f2-8e70-034963106c7b,nineteen.camp,available,62.99,62.99,high,low,8,namesilo,,,21/09/2026 12:05
11c9efc5-78d9-43ef-8a46-a41f48d18fe5,entertainer.camp,available,6.69,49.95,high,low,11,porkbun,,,29/09/2026 20:49
678659a7-0559-44a7-8c4b-7667c042d5b8,undaunted.camp,available,62.99,62.99,high,low,9,namesilo,,,12/09/2026 07:00
537ad721-a90b-4fd7-843e-1bfe04cf1c7b,anglerfish.camp,available,62.99,62.99,medium,low,10,namesilo,,,18/09/2026 11:41
95160d99-8f4b-49b6-b1b2-b0458603573c,advert.camp,available,49.88,49.88,high,low,6,spaceship,,,28/09/2026 11:46
7cd19eb1-5faa-4365-8fdb-e1690ac23823,apophatic.camp,available,11.99,77.99,medium,low,9,name.com,,,06/08/2026 02:27
f204e3f7-a63a-443c-b346-2418e3253e37,funfair.camp,available,62.99,62.99,high,low,7,namesilo,,,24/09/2026 16:14
2d49ba7f-bca0-477b-82a8-af5215a331d7,wittily.camp,available,62.99,62.99,medium,low,7,namesilo,,,16/09/2026 11:35
ae1257d9-d22f-478f-a762-77d0db14c34b,mcgraw.camp,available,6.69,49.95,medium,low,6,porkbun,,,28/09/2026 06:05
b1693117-3644-4564-9416-7f60b0ad40c1,narrow.camp,available,62.99,62.99,high,low,6,namesilo,,,03/09/2026 13:22
eace959c-82bc-40c1-a315-8e9ee54c67f8,essence.camp,available,62.99,62.99,high,low,7,namesilo,,,30/09/2026 16:02
158a226c-5335-4ab7-bff6-88de0593a6be,druggist.camp,available,65.98,78.98,high,low,8,namecheap,,,19/09/2026 19:38
a14e88f9-e83e-4465-8fbe-23e2772a4b17,chiseled.camp,available,11.99,77.99,medium,low,8,name.com,,,12/08/2026 06:05
134c6751-a90a-45c1-b19f-1a7d9a17c97c,esters.camp,available,62.99,62.99,low,low,6,namesilo,,,28/09/2026 13:25
e53dedd6-0a2c-4f86-9df7-76e9eb2d654e,bedrooms.camp,available,49.88,49.88,low,low,8,spaceship,,,29/09/2026 05:54
2989b2bd-4ffe-4300-8350-2b85c8cc0c85,graceless.camp,available,11.99,77.99,medium,low,9,name.com,,,18/08/2026 20:43
48520000-c93e-425c-8664-81491c5bb333,malfunction.camp,available,49.88,49.88,high,low,11,spaceship,,,29/09/2026 08:32
ab7121d4-ff79-4435-8d55-853e96552ab3,acinar.camp,available,11.99,77.99,medium,low,6,name.com,,,
72a53a55-3587-49c4-bc3b-2c4e322cdf8f,farthest.camp,available,62.99,62.99,medium,low,8,namesilo,,,24/09/2026 17:05
4d45a342-6042-428f-b8b1-354397a9ea24,haymarket.camp,available,62.99,62.99,high,low,9,namesilo,,,29/09/2026 22:38
b0985262-af75-4e85-aa11-290940d7631f,immobile.camp,available,11.99,77.99,medium,low,8,name.com,,,21/08/2026 21:05
eed081dd-da5e-4706-9ad7-c52a4f905796,pasco.camp,available,6.64,51.58,high,low,5,dynadot,,,30/09/2026 13:57
485c7283-340e-4077-aeda-9d72d6103e32,slushy.camp,available,11.99,77.99,medium,low,6,name.com,,,09/08/2026 01:25
cea1dcda-b3f1-4bfc-ade7-5b11d135b1e5,mouths.camp,available,62.99,62.99,medium,low,6,namesilo,,,18/09/2026 08:01
40de38c7-454e-4495-8226-3bc0cb0f2829,authorised.camp,available,62.99,62.99,high,low,10,namesilo,,,22/09/2026 13:51
c72e2b1d-d273-4688-a45a-11de0f1b4ee9,carlyle.camp,available,49.88,49.88,medium,low,7,spaceship,,,28/09/2026 02:01
d906fddb-e3d9-409b-bf4f-695512b28438,hmm.camp,available,48.2,48.2,high,low,3,cloudflare,,,01/10/2026 04:54
69e67284-ba40-4684-b11d-40ba796d1f6a,aquifer.camp,available,62.99,62.99,medium,low,7,namesilo,,,19/09/2026 23:11
5e1bc7fa-3504-4c65-910f-3e22f58afe3d,grayish.camp,available,11.99,77.99,medium,low,7,name.com,,,20/08/2026 18:56
620d3662-019d-4575-9a21-a1362d02f46d,lillian.camp,available,62.99,62.99,medium,low,7,namesilo,,,26/09/2026 03:34
1a9f76e0-a3af-4b62-b828-54f7120bf238,interval.camp,available,49.88,49.88,high,low,8,spaceship,,,29/09/2026 13:09
32dc4e69-3c00-4a79-821f-50edea8f904f,maltese.camp,available,11.99,77.99,high,low,7,name.com,,,24/08/2026 14:15
4b329824-c0f0-4404-8315-70b79bc808c4,clipboards.camp,available,62.99,62.99,medium,low,10,namesilo,,,20/09/2026 11:59
fa30029b-3908-4388-883b-408f7c58e53d,finalize.camp,available,6.69,49.95,high,low,8,porkbun,,,30/09/2026 19:52
d189c745-8802-4bd7-992c-6a546bd1fa86,sikorsky.camp,available,49.88,49.88,high,low,8,spaceship,,,30/09/2026 17:41
68a9fbeb-1e51-4c4c-9558-d8c338bec472,medication.camp,available,62.99,62.99,high,low,10,namesilo,,,30/09/2026 04:14
45020cf3-086b-4005-bc5d-2b38b63a1c46,rely.camp,available,62.99,62.99,high,low,4,namesilo,,,30/09/2026 14:02
295eb3ab-741a-4473-9f48-f95407ff7290,bow.camp,available,62.99,62.99,high,low,3,namesilo,,,23/09/2026 01:50
87c20cd8-b119-4473-af24-e2c5dd75931d,sloe.camp,available,62.99,62.99,medium,low,4,namesilo,,,18/09/2026 10:21
5b264fd3-d70e-4bc0-94f1-caa40be9ecd6,peshawar.camp,available,65.98,78.98,medium,low,8,namecheap,,,29/09/2026 19:57
1e082def-655f-4e16-8315-7bf3da0efae8,hailed.camp,available,62.99,62.99,medium,low,6,namesilo,,,30/09/2026 15:28
43153ba7-51ec-42fb-9630-cab3d3a76849,yearningly.camp,available,62.99,62.99,medium,low,10,namesilo,,,15/09/2026 12:56
f01799e5-bf6d-430c-ba03-16ea0e5d05ec,cuthbert.camp,available,49.88,49.88,medium,low,8,spaceship,,,29/09/2026 03:58
16c8af93-6b32-4dc4-8005-20b1132dba87,potbound.camp,available,62.99,62.99,medium,low,8,namesilo,,,09/09/2026 00:44
54453010-4905-46ef-bd4d-5f987521718c,thallus.camp,available,6.69,49.95,medium,low,7,porkbun,,,30/09/2026 18:57
f8560849-c681-4bf4-bcd3-08c86a9c4815,highlighting.camp,available,11.99,,high,low,12,name.com,,,
1f60e8d9-1eba-481e-9d2c-b009dbbe7421,ghetto.camp,available,49.88,49.88,high,low,6,spaceship,,,27/09/2026 13:47
7a7bc4e3-fcdb-4904-8dea-e25389666ad1,blarney.camp,available,11.99,77.99,high,medium,7,name.com,,,12/08/2026 14:21
ac9edc4e-470d-4fb3-8604-d606632826a0,intestate.camp,available,11.99,77.99,medium,low,9,name.com,,,22/08/2026 08:24
433a16da-c1c3-4b51-a4fe-8ec2c944b819,squirting.camp,available,11.99,77.99,medium,low,9,name.com,,,22/08/2026 13:15
bd84f195-40e1-4899-b4d8-66a64ba4b798,benzyl.camp,available,62.99,62.99,high,low,6,namesilo,,,23/09/2026 09:03
16d88164-a921-475f-975e-9cd8e2e1ff54,elder.camp,available,11.99,77.99,high,low,5,name.com,,,16/08/2026 01:32
4dfe0e6f-5967-40e3-b9a3-41c54306f89e,eroticism.camp,available,65.98,78.98,medium,low,9,namecheap,,,18/09/2026 16:10
4624a95c-7987-468f-a2c1-2a84bdc3662e,carrick.camp,available,49.88,49.88,medium,low,7,spaceship,,,30/09/2026 20:19
73cf3f7e-20f4-4da7-8916-70686ab376b2,branching.camp,available,11.99,77.99,high,low,9,name.com,,,11/08/2026 02:08
4871f8da-b539-428e-8223-7a82ee83f4f4,campanula.camp,available,62.99,62.99,high,low,9,namesilo,,,23/09/2026 06:05
13574857-3459-406c-8eb7-751c341e92a6,glare.camp,available,62.99,62.99,high,low,5,namesilo,,,24/09/2026 10:22
a8c1b73a-3b1e-4253-8cd1-283cc9412161,cottony.camp,available,11.99,77.99,medium,low,7,name.com,,,13/08/2026 03:26
3a6a8310-ec4d-4dc1-963c-9c3258cdb867,moreton.camp,available,49.88,49.88,medium,low,7,spaceship,,,30/09/2026 12:45
bddc6c7e-2e65-4f24-8d02-82a85abe41f9,extropic.camp,available,11.99,77.99,medium,low,8,name.com,,,17/08/2026 19:38
4d9f900d-963c-4c2e-a2b7-b4f77c3259b6,fireman.camp,available,6.69,49.95,high,low,7,porkbun,,,29/09/2026 06:56
055b528b-edfc-4728-9b50-765b13315457,gerard.camp,available,62.99,62.99,medium,low,6,namesilo,,,25/09/2026 13:17
41698755-dbaf-4291-abed-c4ffe457d7e3,septet.camp,available,11.99,77.99,medium,low,6,name.com,,,
f6c37275-450d-4717-99cd-c591646af7cc,matilda.camp,available,62.99,62.99,high,low,7,namesilo,,,29/09/2026 03:20
3f03cec4-8823-40e0-add0-d78c830a0b1c,inhibit.camp,available,49.88,49.88,high,low,7,spaceship,,,30/09/2026 16:14
547133a7-1229-4c32-b219-3c480e77e5e2,assignment.camp,available,65.98,78.98,high,low,10,namecheap,,,19/09/2026 21:59
df97b7fd-7739-4c34-bee2-fb5f1248bd06,baraka.camp,available,65.98,78.98,high,low,6,namecheap,,,22/09/2026 04:07
adb55976-b985-4c2d-8470-ad51198094c7,weil.camp,available,65.98,78.98,medium,low,4,namecheap,,,19/09/2026 04:20
a13b83a5-0c45-40b5-bb39-22231ad5744e,susquehanna.camp,available,62.99,62.99,medium,low,11,namesilo,,,27/09/2026 01:59
0e8f4281-7019-4520-9ac3-222c309365b8,stand.camp,available,62.99,62.99,high,low,5,namesilo,,,29/09/2026 00:58
0669fc70-e8c6-48bc-9227-a60dace70a8c,imaginative.camp,available,49.88,49.88,high,low,11,spaceship,,,29/09/2026 08:34
17dfeba3-0bce-4393-95cb-a0d791ae3b1b,exhausting.camp,available,11.99,77.99,medium,low,10,name.com,,,14/08/2026 18:21
882db257-6eb6-4a90-b35c-9e999d27912a,wills.camp,available,48.2,48.2,medium,low,5,cloudflare,,,29/09/2026 03:50
7919d23c-f1ee-4924-aaf0-7eb1926af1aa,ppi.camp,available,48.2,48.2,high,low,3,cloudflare,,,01/10/2026 05:12
acdfe811-5ead-4cb3-84f0-4db351923037,salazar.camp,available,65.98,78.98,medium,low,7,namecheap,,,28/09/2026 12:15
0a31dc98-e23f-4905-a91f-aa18a558753d,amatory.camp,available,11.99,77.99,medium,low,7,name.com,,,
c383f40e-a03c-4b61-8a4c-8aca14efd665,diagnostic.camp,available,11.99,77.99,high,low,10,name.com,,,14/08/2026 05:47
79a8c430-d3c0-4755-95e5-6d271a876c0c,roundel.camp,available,11.99,77.99,medium,low,7,name.com,,,19/09/2026 11:05
d61c589e-8750-47a2-a22b-64380c26c0c4,barnes.camp,available,65.98,78.98,high,low,6,namecheap,,,25/09/2026 21:08
f723430e-4649-42a2-9f5d-10e5ccfec2aa,fugacious.camp,available,11.99,77.99,medium,low,9,name.com,,,17/08/2026 10:20
2ce32fa0-bc3d-4d2c-8046-83d3e923cfd6,manipulate.camp,available,48.2,48.2,high,low,10,cloudflare,,,28/09/2026 05:48
64e57156-1f87-4133-ace8-e9455e94e4d9,iceberg.camp,available,62.99,62.99,high,low,7,namesilo,,,23/09/2026 09:15
51d1f7d3-8197-441e-8a72-5d62a1033a36,tale.camp,available,11.99,77.99,high,low,4,name.com,,,03/09/2026 13:20
d7e17be1-c368-4c30-8b3e-737243709d9d,unparallel.camp,available,62.99,62.99,medium,low,10,namesilo,,,12/09/2026 16:27
76ac82f7-6551-4d31-a771-9a84bcc7c1a7,dots.camp,available,6.69,49.95,high,low,4,porkbun,,,28/09/2026 22:47
cf26bbd7-2e61-4018-8476-0a0e5ce3ac9e,made.camp,available,65.98,78.98,high,medium,4,namecheap,,,25/09/2026 16:01
607244ef-4bd6-436c-9cc1-668aad2ef158,reports.camp,available,65.98,78.98,high,low,7,namecheap,,,18/09/2026 16:26
dd4368fd-c327-437d-bcfc-70f64233909a,animal.camp,resell,,,high,low,6,Dynadot Inc,26/08/2026 17:00,26/08/2027 17:00,26/09/2026 03:53
1050000a-5fdc-4b87-9bac-7a8cb84c7ad1,blacktop.camp,available,62.99,62.99,medium,low,8,namesilo,,,24/09/2026 03:24
a81d9c4d-e1fa-4e1a-b78b-b5b7ef13f538,tatty.camp,available,11.99,77.99,medium,low,5,name.com,,,18/08/2026 06:42
b1ae1727-5d5a-4633-a92c-6bd60c984dd6,pedant.camp,available,62.99,62.99,medium,low,6,namesilo,,,09/09/2026 23:15
f2d70e55-2fbf-4c73-b921-bc69b39d990b,devoid.camp,available,11.99,77.99,medium,low,6,name.com,,,14/08/2026 05:13
1198f256-e4e1-42d9-9b1f-5d991e42e726,hips.camp,available,62.99,62.99,medium,low,4,namesilo,,,28/09/2026 22:48
c015b70d-8323-45b9-85f5-2eb864ba7d54,toby.camp,available,62.99,62.99,high,low,4,namesilo,,,28/09/2026 03:08
9aa7ef46-68a8-47cb-aa87-f4e0b13c6b3d,criticism.camp,available,48.2,48.2,high,low,9,cloudflare,,,29/09/2026 12:07
4a91444d-db34-4295-817c-973679074fe4,mainz.camp,available,62.99,62.99,high,low,5,namesilo,,,28/09/2026 03:51
82a172a5-b818-468d-8fe1-2fce5ff3780f,surefooted.camp,available,11.99,77.99,high,low,10,name.com,,,18/08/2026 10:50
0843f2d7-279f-4788-926c-612f2097aa20,guarnieri.camp,available,62.99,62.99,medium,low,9,namesilo,,,19/09/2026 04:23
4f959e34-4ee9-435a-af0e-27a9354dbfc3,lodged.camp,available,62.99,62.99,medium,low,6,namesilo,,,18/09/2026 14:44
08de113c-4f42-4d6a-9eec-63b9220f55aa,bilberry.camp,available,62.99,62.99,medium,low,8,namesilo,,,23/09/2026 15:37
7392501e-3322-498a-972e-49fb79b48f16,ombu.camp,available,62.99,62.99,medium,low,4,namesilo,,,23/09/2026 05:53
309ad83d-4a3e-45c8-98ae-bd01a36cb821,proposition.camp,available,48.2,48.2,high,low,11,cloudflare,,,28/09/2026 03:24
b32ac9ed-46bc-487e-946a-633f5b8b983d,lemon.camp,available,65.98,78.98,high,medium,5,namecheap,,,29/09/2026 09:32
9c023676-fb98-4e1d-8c8d-71d99e7717c3,lallygag.camp,available,62.99,62.99,medium,low,8,namesilo,,,11/09/2026 08:33
6cf95e0e-a75e-48a4-93f9-8d9e55b39cf5,insulting.camp,available,62.99,62.99,medium,low,9,namesilo,,,23/09/2026 21:52
ed615927-eb38-4cc3-86ff-ce76ec91cdc8,piffling.camp,available,11.99,77.99,low,low,8,name.com,,,18/08/2026 03:35
820a36f4-5c57-4cbf-8264-f3f50358ea9a,bondable.camp,available,11.99,77.99,medium,low,8,name.com,,,09/08/2026 23:59
c5fcb6f9-2f19-4a31-afa7-5609781602a0,whips.camp,available,65.98,78.98,medium,low,5,namecheap,,,17/09/2026 19:42
180d441d-f8f5-4db3-aaca-04747ed048ed,turbine.camp,available,62.99,62.99,high,low,7,namesilo,,,30/09/2026 03:04
dcdefd28-4675-48f9-a48a-f9c7685ff82e,cyclopean.camp,available,11.99,77.99,medium,low,9,name.com,,,13/08/2026 13:51
c2cb4d3f-2cbc-4e4a-a211-f71e3a900aae,oysters.camp,available,62.99,62.99,medium,low,7,namesilo,,,20/09/2026 03:31
498d8ca3-57f6-4f94-acbb-54ad1b427aa7,neaten.camp,available,62.99,62.99,medium,low,6,namesilo,,,11/09/2026 15:42
82be37ea-88bf-415f-8d7b-cf4900e2fa9e,cuddly.camp,available,11.99,77.99,high,low,6,name.com,,,13/08/2026 10:11
420b9833-be18-4658-9301-6d218194ffce,feather.camp,available,6.69,49.95,high,low,7,porkbun,,,29/09/2026 19:02
2b1c077d-faa3-47f1-a455-53dc11f07cb0,raton.camp,available,6.64,51.58,medium,low,5,dynadot,,,28/09/2026 22:49
95358063-479b-44bd-9b4e-d9e2ebaa1566,dress.camp,available,62.99,62.99,high,low,5,namesilo,,,24/09/2026 12:08
6ec30bdd-e9d3-44d7-9b94-bd20ba41a9ce,rhyming.camp,available,62.99,62.99,high,low,7,namesilo,,,09/09/2026 16:53
d892811a-0dd5-4506-94ac-12ee10370a27,abner.camp,available,62.99,62.99,medium,low,5,namesilo,,,30/09/2026 06:13
c5fee0f5-1b63-4a44-8b53-6e19a35fc0a8,point.camp,available,62.99,62.99,high,low,5,namesilo,,,28/09/2026 15:57
f384c70e-6d26-4ddc-9031-4aba5e3dead4,dirty.camp,available,65.98,78.98,high,low,5,namecheap,,,23/09/2026 21:45
9769f875-3147-4163-b015-7cc170667a4a,gauche.camp,available,11.99,77.99,medium,low,6,name.com,,,18/08/2026 20:41
76ad8b25-a73a-47d9-85cb-89059820e28b,gleaming.camp,available,11.99,77.99,high,low,8,name.com,,,
5ec97a9e-f700-4d55-aa93-9187b93f7aa6,prurient.camp,available,11.99,77.99,medium,low,8,name.com,,,24/08/2026 11:58
1acd812b-3bf9-40c9-b051-f6d8e8607ddc,sunken.camp,available,11.99,77.99,medium,low,6,name.com,,,13/08/2026 22:55
d974c6e4-9bee-42ab-82c8-9aabec32880b,unfretted.camp,available,62.99,62.99,medium,low,9,namesilo,,,12/09/2026 10:45
54fc4053-3c80-447a-a397-e33870d9d106,plundered.camp,available,11.99,77.99,medium,low,9,name.com,,,24/08/2026 09:47
94214158-ddb7-4795-8a8e-8247fdd661dc,role.camp,available,62.99,62.99,high,low,4,namesilo,,,25/09/2026 09:54
e3ebc055-ad5a-41ba-9c70-e9a65e0b992b,stripy.camp,available,62.99,62.99,medium,low,6,namesilo,,,10/09/2026 22:46
b4e809b0-b1d2-467a-b211-922a7da6b4b4,tung.camp,available,65.98,78.98,medium,low,4,namecheap,,,18/09/2026 05:36
08c2bf16-ed41-4378-ae93-f4d5a82f2698,benito.camp,available,48.2,48.2,medium,low,6,cloudflare,,,27/09/2026 19:23
3b4ac690-4111-4201-9067-eab3bebd7f4b,asklepios.camp,available,62.99,62.99,medium,low,9,namesilo,,,17/09/2026 13:21
dc6e7557-68ec-4d78-ac2f-c620c53ac458,nicholls.camp,available,62.99,62.99,medium,low,8,namesilo,,,28/09/2026 16:37
b29711c5-db9d-41c5-8953-995542fe97b5,vulgar.camp,available,11.99,77.99,high,low,6,name.com,,,14/08/2026 22:44
a6d8bea0-1dea-475d-b947-735aafa62152,unfed.camp,available,62.99,62.99,medium,low,5,namesilo,,,12/09/2026 10:04
d8670a86-ce44-48ce-979f-c2c5e1d288f7,banquet.camp,available,65.98,78.98,high,low,7,namecheap,,,22/09/2026 02:59
9bc94fd5-f330-4f8b-84bb-b00667411341,unchained.camp,available,62.99,62.99,high,low,9,namesilo,,,12/09/2026 04:54
8602b66f-d226-4811-ba97-abda0e724e67,blinded.camp,available,11.99,77.99,medium,low,7,name.com,,,10/08/2026 14:24
3edb8018-08be-4a27-a76d-5614903146d2,loved.camp,available,65.98,78.98,high,low,5,namecheap,,,25/09/2026 14:27
ee829aa8-fa0b-4284-8bc7-d842614ebcfb,balthazar.camp,available,62.99,62.99,high,low,9,namesilo,,,22/09/2026 00:14
3d4c81d3-209f-44e1-beee-b27fa65f167f,copperhead.camp,available,65.98,78.98,medium,low,10,namecheap,,,17/09/2026 18:16
e9d48132-bf55-4048-892a-44758f49890b,indicates.camp,available,62.99,62.99,medium,low,9,namesilo,,,28/09/2026 08:19
e12fda27-446c-4478-b2e2-92f874f88911,poultry.camp,available,65.98,78.98,high,low,7,namecheap,,,24/09/2026 23:24
60da9b31-f383-48a1-ab9d-1d2608dcba3f,claxon.camp,available,62.99,62.99,medium,low,6,namesilo,,,23/09/2026 01:29
12f1e2e6-c9ac-4c69-a29d-df0c13d584d4,impetuous.camp,available,11.99,77.99,medium,low,9,name.com,,,11/08/2026 01:36
bd8fb6c9-9edf-427a-be8d-f41046030a78,queens.camp,available,62.99,62.99,high,low,6,namesilo,,,30/09/2026 09:00
28cfc18a-6da2-46b1-9c0b-e53332101c8b,taxable.camp,available,65.98,78.98,medium,low,7,namecheap,,,03/09/2026 19:07
0cae6988-6691-4a4f-8bd5-15e51405f4a8,xxv.camp,available,65.98,78.98,medium,low,3,namecheap,,,21/09/2026 12:45
345d47a6-5794-4839-82e3-d1efabbe1ee3,remarkable.camp,available,62.99,62.99,high,low,10,namesilo,,,09/09/2026 13:42
205ee0cd-443c-422c-b40d-b41b588fa3df,artificer.camp,available,62.99,62.99,high,low,9,namesilo,,,20/09/2026 11:38
6db61875-0425-46c6-8277-7948c48273b0,bangladeshi.camp,available,49.88,49.88,high,low,11,spaceship,,,30/09/2026 03:22
7186cb37-5ffe-4812-9bd5-1a67696ecb88,rufous.camp,available,6.69,49.95,high,low,6,porkbun,,,29/09/2026 22:57
d68b5eaf-4976-4984-a05b-202f499f896c,trains.camp,available,49.88,49.88,high,low,6,spaceship,,,27/09/2026 22:59
33566d6c-21c0-48d3-8a7c-fe779c6998eb,realized.camp,available,62.99,62.99,high,low,8,namesilo,,,23/09/2026 17:28
0d1dfa46-ea2c-4596-8d65-1a6cd82daa44,ige.camp,available,62.99,62.99,medium,low,3,namesilo,,,01/10/2026 02:40
ea310771-8cd1-4f74-bba0-14c3bb6577f5,swamps.camp,available,62.99,62.99,medium,low,6,namesilo,,,30/09/2026 15:45
a5982a50-1398-4411-bc38-d2481938156c,completing.camp,available,62.99,62.99,high,low,10,namesilo,,,23/09/2026 17:20
45afc5b2-8695-4b13-a520-9e1aca77c12f,navajo.camp,available,6.64,51.58,high,low,6,dynadot,,,30/09/2026 18:09
22270e44-1744-42ed-90d1-4f09cd1956fc,core.camp,resell,,,high,medium,4,Dynadot Inc,24/01/2026 17:00,24/01/2027 17:00,28/09/2026 15:06
a787c9a7-22f2-43d1-9508-4dae16f51918,aquatic.camp,available,11.99,77.99,high,low,7,name.com,,,06/08/2026 10:45
9264f6ad-9f60-47ce-8686-ad8161fb7004,friends.camp,available,,,high,medium,7,,,,
7d513bb4-b867-48c4-9d74-b20a9d3441b4,warring.camp,available,62.99,62.99,medium,low,7,namesilo,,,13/09/2026 08:11
17f8b951-4e32-4eed-96d3-6bdc8cddb7ad,dampness.camp,available,11.99,77.99,medium,low,8,name.com,,,13/08/2026 16:45
c9fc9279-07c3-486b-8655-2b84b2df1407,chamber.camp,available,62.99,62.99,high,low,7,namesilo,,,22/09/2026 23:10
be9a057b-4822-4b94-baaf-f7305d0a741c,orchis.camp,available,62.99,62.99,medium,low,6,namesilo,,,21/09/2026 23:07
a3255a37-94df-4f5e-b284-155573b8892f,marguerite.camp,available,62.99,62.99,high,low,10,namesilo,,,20/09/2026 04:58
9112519f-120e-46b0-846c-583a7bf27bf0,carmichael.camp,available,48.2,48.2,high,low,10,cloudflare,,,28/09/2026 02:01
2e53b9c9-f19f-47ef-9abc-18c56514a2e9,vitiate.camp,available,11.99,77.99,medium,low,7,name.com,,,13/08/2026 02:22
f2c90447-4fb5-4ae9-b506-eb79730bef7b,warmer.camp,available,65.98,78.98,high,low,6,namecheap,,,28/09/2026 05:58
06ea28b7-4524-465d-9cc7-caf3e6be583e,unjust.camp,available,11.99,77.99,medium,low,6,name.com,,,22/08/2026 03:49
d8d2a43b-6960-4a27-ae8c-98dbd76f39b0,ding.camp,available,49.88,49.88,medium,low,4,spaceship,,,28/09/2026 14:30
456eb95a-4363-4b47-9ec6-1ae7d7226a96,suzanne.camp,available,62.99,62.99,medium,low,7,namesilo,,,28/09/2026 11:57
b4d347e2-c910-4b1e-93c0-36793eca5c17,soundtrack.camp,available,62.99,62.99,high,low,10,namesilo,,,30/09/2026 18:47
a83f8d9c-5f21-406d-99bf-da9482b03b5a,apodemus.camp,available,65.98,78.98,medium,low,8,namecheap,,,19/09/2026 18:19
1e802398-91df-4c95-94d4-f78a230ab13f,avulsion.camp,available,62.99,62.99,medium,low,8,namesilo,,,21/09/2026 09:54
d88fa1e3-8c79-48ad-a841-d4d257d5e1a0,hayastan.camp,available,65.98,78.98,medium,low,8,namecheap,,,20/09/2026 06:40
ff16d2a3-eb3f-4ca2-9cd9-a485c28f1627,lingually.camp,available,62.99,62.99,medium,low,9,namesilo,,,15/09/2026 12:28
29f20edf-b7cb-45c9-b7e5-d890a0692811,sued.camp,available,11.99,,low,low,4,name.com,,,
72d370eb-b5fc-4173-a40c-0e2c5d2461c9,nagging.camp,available,62.99,62.99,medium,low,7,namesilo,,,03/09/2026 12:41
6e4750b1-4462-4c09-a462-c4fe426195d3,antiquary.camp,available,11.99,77.99,medium,low,9,name.com,,,
0c40212d-35ec-491e-a6db-05811d498ff3,mortgage.camp,available,48.2,48.2,high,low,8,cloudflare,,,28/09/2026 06:56
83983680-4462-4bdf-96a3-1d58e3571f84,earful.camp,available,62.99,62.99,medium,low,6,namesilo,,,22/09/2026 17:11
9606e8ba-e010-46d2-abcb-c6f6d2ff5181,germ.camp,available,48.2,48.2,high,low,4,cloudflare,,,29/09/2026 19:01
f8a5c5ea-b796-4f59-afd1-af424af6a795,hank.camp,available,6.64,51.58,high,low,4,dynadot,,,29/09/2026 19:07
bf1feb28-ee1c-43e7-a1d4-96915eb94197,erectile.camp,available,11.99,77.99,medium,low,8,name.com,,,17/08/2026 12:07
7c76548a-1f74-4c02-ba66-56a3cb428614,fbi.camp,available,49.88,49.88,high,low,3,spaceship,,,29/09/2026 06:52
f87db119-2b0c-42b3-a683-467c3b9adeb3,armagh.camp,available,62.99,62.99,medium,low,6,namesilo,,,29/09/2026 10:03
e167e61f-b49e-4530-8fca-76cc31c02c9c,allie.camp,available,62.99,62.99,high,low,5,namesilo,,,17/09/2026 22:42
c137d3bc-c5b6-482c-ae2f-e9b98aaba449,youths.camp,available,49.88,49.88,high,low,6,spaceship,,,01/10/2026 00:09
2a9cd651-1831-4934-9057-8768a6de64da,mcdonnell.camp,available,62.99,62.99,medium,low,9,namesilo,,,27/09/2026 02:55
e196b70a-c997-4b06-b0ff-63221372de40,dreamless.camp,available,11.99,77.99,medium,low,9,name.com,,,14/08/2026 18:43
95d0625d-e2dc-4a3c-970a-bc159c95e7b3,pao.camp,available,6.64,51.58,high,low,3,dynadot,,,29/09/2026 09:17
8487fce9-3fa3-497f-a9b5-dc3bc9a26ce3,dismay.camp,available,49.88,49.88,medium,low,6,spaceship,,,28/09/2026 20:03
0cfd8482-bb2d-4592-90f9-3084e5897d37,chennai.camp,available,48.2,48.2,high,low,7,cloudflare,,,30/09/2026 09:07
f08f1510-26be-49b9-b000-63ca81eec185,newbie.camp,available,65.98,78.98,high,low,6,namecheap,,,24/09/2026 19:51
efaca8ab-7241-4658-b05c-b9e044e4b34d,harmonised.camp,available,11.99,77.99,high,low,10,name.com,,,12/08/2026 22:52
2f56f3c0-e3ab-4ec4-96b7-b25335875fbf,recruited.camp,available,62.99,62.99,medium,low,9,namesilo,,,18/09/2026 00:53
7cc7b449-133c-47df-a62d-b16c65c7e94b,loquacious.camp,available,11.99,77.99,medium,low,10,name.com,,,12/08/2026 03:22
f5a8f944-4da9-4cae-99b8-5ad9320ecbba,ungoverned.camp,available,62.99,62.99,medium,low,10,namesilo,,,12/09/2026 04:36
c629609e-f8c8-421b-a41e-8a052cf7f675,tents.camp,available,62.99,62.99,high,low,5,namesilo,,,29/09/2026 16:28
75863fab-1f58-4270-a66f-a822f5271aab,balochi.camp,available,62.99,62.99,medium,low,7,namesilo,,,21/09/2026 23:40
8b7ecb38-b66a-4ff5-b617-a5f84202cac8,marti.camp,available,6.64,51.58,high,low,5,dynadot,,,30/09/2026 10:19
c3c4d0f7-704a-49eb-bd4f-b5918280b246,admiralty.camp,available,62.99,62.99,medium,low,9,namesilo,,,17/09/2026 08:53
4d440178-5ebc-4ebd-9f57-a2d121056d15,axone.camp,available,62.99,62.99,high,low,5,namesilo,,,21/09/2026 10:31
a7dd8bc7-f9d1-4c9e-8c8e-b14a47ea6b2f,haunting.camp,available,11.99,77.99,medium,low,8,name.com,,,21/08/2026 01:34
a760c4ab-2af1-491a-ae81-0630495ea624,humpback.camp,available,11.99,77.99,medium,low,8,name.com,,,13/08/2026 07:47
30a6a8e6-bd65-45d9-8812-6b26b7b23d2e,hadley.camp,available,49.88,49.88,medium,low,6,spaceship,,,27/09/2026 20:44
c07d970a-d0fd-4bcc-8615-eb3d664859f8,wbc.camp,available,6.64,51.58,high,low,3,dynadot,,,28/09/2026 14:41
335a54c5-c714-424f-bf38-dad9bed2786a,changer.camp,available,65.98,78.98,high,low,7,namecheap,,,21/09/2026 05:31
32cadeed-bccf-4f42-9903-fe0ba86b9569,val.camp,available,62.99,62.99,high,low,3,namesilo,,,27/09/2026 06:29
8b348364-d861-482e-a576-5b902da0ff1e,orangutan.camp,available,49.88,49.88,high,low,9,spaceship,,,30/09/2026 06:10
86d19867-863a-4ff9-9c44-a92a745b1c6e,catfish.camp,available,65.98,78.98,high,low,7,namecheap,,,29/09/2026 00:23
6f6007f7-b68c-43cc-b9dd-082c8bfa7985,guidance.camp,available,49.88,49.88,high,low,8,spaceship,,,28/09/2026 07:09
8b1638de-d077-4e06-a233-f2beb1a02dac,bends.camp,available,65.98,78.98,high,low,5,namecheap,,,23/09/2026 07:50
318204a3-b720-43d7-8c96-6bc5e91d2f63,affiant.camp,available,62.99,62.99,medium,low,7,namesilo,,,17/09/2026 14:22
9377c8a5-7df0-4156-be16-8e6473cd2896,teeth.camp,available,48.2,48.2,high,low,5,cloudflare,,,30/09/2026 13:01
45cb7e23-16ec-4059-a3d2-7e7fef87db8e,exhaustive.camp,available,11.99,77.99,medium,low,10,name.com,,,17/08/2026 17:08
7d3daf02-c2bf-4c86-bfea-338b62a8aec0,audiology.camp,available,62.99,62.99,medium,low,9,namesilo,,,21/09/2026 02:56
1d950227-0bc2-4d9a-ba22-eeab1793e3d1,reserved.camp,available,62.99,62.99,high,low,8,namesilo,,,09/09/2026 14:50
43892013-be01-4630-9ada-7b963a0c036a,scab.camp,available,65.98,78.98,medium,low,4,namecheap,,,24/09/2026 02:52
42755c83-a750-49f2-9038-39c2f8f38660,trna.camp,available,11.99,77.99,high,low,4,name.com,,,16/09/2026 22:03
484f8da2-c7a2-4574-bd89-452335d459d5,chuckle.camp,available,62.99,62.99,high,low,7,namesilo,,,24/09/2026 14:48
86d2f0c5-29b2-4666-a3c6-b0d233fbadf4,dateable.camp,available,11.99,77.99,medium,low,8,name.com,,,13/08/2026 18:38
df59cef0-c6ca-4d10-aa0a-82de6f058349,proverbs.camp,available,62.99,62.99,high,low,8,namesilo,,,24/09/2026 07:04
26d87b11-9b16-4f08-af67-6d4cd6f6d364,drizzly.camp,available,11.99,77.99,medium,low,7,name.com,,,14/08/2026 19:32
e18a4373-e024-43c2-979e-3cb950ba5aec,pickles.camp,available,6.64,51.58,medium,low,7,dynadot,,,30/09/2026 12:43
6e0d9d11-114a-4568-95b3-5dede2d2f79c,bradbury.camp,available,49.88,49.88,high,low,8,spaceship,,,28/09/2026 13:35
ee77c922-a3d0-49f6-b1ae-e0f45ac64957,beldam.camp,available,62.99,62.99,medium,low,6,namesilo,,,23/09/2026 04:45
9eb7c810-fd33-498f-b3f7-448f8c0ad013,signed.camp,available,11.99,77.99,high,low,6,name.com,,,18/08/2026 22:58
a58229f8-c8df-4b86-b249-78733b618265,abatis.camp,available,62.99,62.99,medium,low,6,namesilo,,,16/09/2026 14:12
8a46a90e-29e0-4262-8cc9-7f4026dc6c7e,collegiate.camp,available,11.99,77.99,high,low,10,name.com,,,12/08/2026 17:08
22c3bca3-dba2-4680-b0b7-fd0cbc4cce16,motivate.camp,available,62.99,62.99,high,low,8,namesilo,,,27/09/2026 07:34
e77efaf9-e15e-494e-b2fe-cc4d5b17e0fe,muskegon.camp,available,65.98,78.98,medium,low,8,namecheap,,,29/09/2026 10:06
e5980f75-1276-410d-9ebe-2892e0cab809,shuttered.camp,available,11.99,77.99,medium,low,9,name.com,,,10/09/2026 07:21
ed7800ed-4044-4cd0-85a0-5ae86dd663dc,approximate.camp,available,49.88,49.88,high,low,11,spaceship,,,29/09/2026 08:31
dcbef37f-eefa-473f-8b23-3eec90c6edc8,hem.camp,available,65.98,78.98,medium,low,3,namecheap,,,17/09/2026 20:18
e45b8168-d635-4b73-810c-d02102a0e8e9,marihuana.camp,available,48.2,48.2,high,low,9,cloudflare,,,29/09/2026 06:39
d6a90ad9-eacd-437b-901c-28f7b0d950b4,tasted.camp,available,62.99,62.99,medium,low,6,namesilo,,,29/09/2026 11:03
e65fb3c8-65b3-4400-ace6-bcb31e9d1988,bushwhack.camp,available,62.99,62.99,high,low,9,namesilo,,,18/09/2026 17:32
c76fc1cd-9569-4b39-aae3-119f6f334070,bounder.camp,available,62.99,62.99,medium,low,7,namesilo,,,24/09/2026 02:20
8bfc2a25-2bd4-4e42-bf98-218b6400c8a8,immunology.camp,available,62.99,62.99,high,low,10,namesilo,,,30/09/2026 01:58
ca9e1ff3-c6bd-4120-9096-3efc2ac4417a,checking.camp,available,62.99,62.99,high,low,8,namesilo,,,25/09/2026 12:11
fe1c8240-91fc-45a6-be9e-35d6a08a9c2c,texts.camp,available,62.99,62.99,medium,low,5,namesilo,,,18/09/2026 23:56
46da7909-637f-4173-b627-de6c00e7e5d8,living.camp,available,65.98,78.98,high,low,6,namecheap,,,25/09/2026 14:05
70d79d07-d16c-486c-8da4-488f0d44418f,droning.camp,available,11.99,77.99,medium,low,7,name.com,,,25/08/2026 05:28
b61fa43a-53f4-49ed-9241-6a5dc4b77cec,moods.camp,available,48.2,48.2,medium,low,5,cloudflare,,,30/09/2026 07:06
210309e4-286f-4e87-a218-b833c91fbee7,creek.camp,available,65.98,78.98,high,low,5,namecheap,,,29/09/2026 04:33
999b4074-1b4c-41ba-b6e7-4927f0150fbd,sunglass.camp,available,48.2,48.2,high,low,8,cloudflare,,,30/09/2026 12:22
cd0ad9e8-4e12-4fc7-a2f6-5141e01b47f2,nerve.camp,available,62.99,62.99,high,low,5,namesilo,,,25/09/2026 23:41
2e61875c-9554-4fc9-9383-5997ae19c6bf,bram.camp,available,6.64,51.58,medium,low,4,dynadot,,,30/09/2026 21:24
ce29c6bf-e898-46a8-bf85-29d3255d1ec4,illuminated.camp,available,11.99,,high,low,11,name.com,,,
f6537c6c-21f0-48b5-bb83-85bed8b73e92,transexual.camp,available,65.98,78.98,medium,low,10,namecheap,,,11/09/2026 19:01
cd774086-535e-410a-b99b-a19925128711,nutbrown.camp,available,62.99,62.99,medium,low,8,namesilo,,,03/09/2026 23:14
69ba9e88-2875-4fc0-94fb-32238162daf1,changeover.camp,available,11.99,,medium,low,11,name.com,,,
abb1aec6-ff59-4a87-b98b-43e058604d64,aids.camp,available,49.88,49.88,medium,low,4,spaceship,,,28/09/2026 17:52
f7ec0fec-bbd7-4894-9042-6567bab11f44,operate.camp,available,62.99,62.99,high,low,7,namesilo,,,25/09/2026 06:12
b9f60413-c98a-4e24-b4d4-cb93ce9cdd2d,smarmy.camp,available,11.99,77.99,medium,low,6,name.com,,,11/08/2026 11:46
31554af5-664d-4a25-a4fa-b2d1b3823279,denary.camp,available,11.99,77.99,medium,low,6,name.com,,,13/08/2026 21:30
467f71fe-f93d-46ad-ab69-3ba3c22a19e5,drogue.camp,available,62.99,62.99,medium,low,6,namesilo,,,17/09/2026 21:47
4c006e43-d1de-4e5b-9ec5-919e53b9f868,belmont.camp,available,62.99,62.99,high,low,7,namesilo,,,23/09/2026 06:57
b8c9c8d8-03e2-49e0-b966-9276d1287e8e,xxiv.camp,available,11.99,77.99,medium,low,4,name.com,,,
8613688a-e61d-4912-bd6e-75e578f72294,sus.camp,available,49.88,49.88,high,low,3,spaceship,,,28/09/2026 14:17
e17dde61-431c-4ac6-8697-9102b42d534b,abenaki.camp,available,11.99,77.99,medium,low,7,name.com,,,
617cbf8c-9f28-4298-bdd4-916913bf00c6,argonauta.camp,available,65.98,78.98,medium,low,9,namecheap,,,20/09/2026 04:32
2a2d95a2-159b-4399-9973-73f0bfdd06d3,liberal.camp,available,11.99,77.99,high,low,7,name.com,,,09/08/2026 20:57
1625bd46-16c4-4362-81ea-9868b4e47353,beckley.camp,available,62.99,62.99,medium,low,7,namesilo,,,22/09/2026 22:43
776cd075-37a4-42b0-8361-3491c364d4a4,cleavage.camp,available,65.98,78.98,high,low,8,namecheap,,,24/09/2026 15:29
52eee3cd-6910-423f-aab0-546f03e693f0,reduced.camp,available,11.99,77.99,medium,low,7,name.com,,,13/08/2026 22:10
3c237a5b-b04c-4165-bf1a-226c55839384,diaz.camp,available,62.99,62.99,high,low,4,namesilo,,,22/09/2026 09:18
db7960ff-a83d-4ed4-b54e-683844c7ce3b,clonal.camp,available,11.99,77.99,medium,low,6,name.com,,,12/08/2026 12:01
c81b5d2d-5291-4f1e-a167-cc4d47184e6c,scots.camp,available,62.99,62.99,high,low,5,namesilo,,,09/09/2026 23:33
d8215429-7b48-460a-a028-001b280b17f7,enclosure.camp,available,49.88,49.88,high,low,9,spaceship,,,30/09/2026 09:32
5ae55119-ff89-4c17-9a73-30ad938435d0,overstatement.camp,available,11.99,,medium,low,13,name.com,,,
b3a9dc6e-e2b7-4d18-90ce-3f32a6f261c9,maureen.camp,available,49.88,49.88,medium,low,7,spaceship,,,27/09/2026 19:11
8d8a7eef-f8dd-41a0-a256-90c81f24ffda,detestable.camp,available,11.99,77.99,medium,low,10,name.com,,,
ddcec8da-69d1-484f-9b1b-422cdff94164,estival.camp,available,11.99,77.99,medium,low,7,name.com,,,
a007ad55-a9aa-47d5-af41-035dec6cd799,karin.camp,available,48.2,48.2,medium,low,5,cloudflare,,,29/09/2026 04:04
317e3545-cc32-4057-a859-8d482a658ede,spots.camp,available,62.99,62.99,high,low,5,namesilo,,,27/09/2026 04:00
c5137922-edb6-4885-a936-da95fcdd9ac1,unobvious.camp,available,62.99,62.99,medium,low,9,namesilo,,,12/09/2026 16:07
39c98c50-6d56-4f6a-8660-6ae05b0bb133,futile.camp,available,62.99,62.99,medium,low,6,namesilo,,,22/09/2026 23:49
718c950d-5808-4144-b324-9190c0792a5a,gradually.camp,available,62.99,62.99,high,low,9,namesilo,,,14/09/2026 22:00
54cf2a56-9f23-49aa-ab12-1a795dcde7da,acetamide.camp,available,62.99,62.99,medium,low,9,namesilo,,,16/09/2026 23:49
06388ebe-4ff6-493f-ada8-8edc951b15d9,dune.camp,available,62.99,62.99,high,low,4,namesilo,,,30/09/2026 17:05
f6725dab-95fc-4cc7-953a-3090d279a666,talky.camp,available,11.99,77.99,medium,low,5,name.com,,,12/08/2026 03:24
62ab27e3-8df0-4b4a-9ce9-f1a8e3fee2a4,out.camp,premium,,,high,low,3,"Gabia, Inc.",19/05/2015 12:40,19/05/2027 12:40,30/09/2026 17:39
1fc6e84f-d7e3-423a-8127-7b0333828136,deafen.camp,available,11.99,77.99,medium,low,6,name.com,,,13/08/2026 19:44
8b6c9f48-08ab-4f8d-910d-1d1ec9808e1d,alkanet.camp,available,62.99,62.99,medium,low,7,namesilo,,,18/09/2026 08:26
e4e32cac-9494-4586-91b1-d4e506c4003f,internally.camp,available,62.99,62.99,medium,low,10,namesilo,,,15/09/2026 09:01
df68f1de-5fe5-4016-b945-cd7e0da4f5a9,grilled.camp,available,11.99,77.99,high,low,7,name.com,,,08/08/2026 16:31
a535eceb-6609-4590-8989-3d8b17bfcb34,mistreated.camp,available,11.99,77.99,medium,low,10,name.com,,,21/08/2026 19:35
9d40bb8c-6080-49ee-8a9b-9aefae432f5e,attic.camp,available,11.99,77.99,high,low,5,name.com,,,07/08/2026 15:46
81d668b6-b650-4d14-a2d5-168a1baa0e28,fecund.camp,available,11.99,77.99,medium,low,6,name.com,,,18/08/2026 00:34
c1057006-59ba-4cd7-acbf-3cf6fb859c91,steroids.camp,available,65.98,78.98,medium,low,8,namecheap,,,19/09/2026 19:38
084f6091-f217-4a82-90f4-d29ddb721e60,sumatran.camp,available,62.99,62.99,high,low,8,namesilo,,,11/09/2026 01:31
65c29215-b182-4eb7-96f3-ea310ecdeeec,clamp.camp,available,62.99,62.99,medium,low,5,namesilo,,,24/09/2026 15:19
ab7fb373-0d6d-40bc-94ba-7c76e7f804b0,kingsbury.camp,available,62.99,62.99,high,low,9,namesilo,,,29/09/2026 22:52
22e47ec3-18b7-43f0-a715-bfaf4d725ddc,twelfth.camp,available,11.99,77.99,high,low,7,name.com,,,
fef4f2de-0ab6-44c4-b468-a83c4c36d14d,unlike.camp,available,49.88,49.88,high,low,6,spaceship,,,28/09/2026 09:47
f48314d5-0398-4a3f-8bfe-83ac0f9dd28e,himalaya.camp,available,48.2,48.2,high,low,8,cloudflare,,,01/10/2026 02:35
74860f13-3de5-4dcb-b540-66a84cdc54a0,superstitious.camp,available,49.88,49.88,medium,low,13,spaceship,,,29/09/2026 14:38
ae1e9660-a15a-4894-8579-f2f366c6fdd3,elena.camp,available,62.99,62.99,high,low,5,namesilo,,,27/09/2026 03:02
4bf18033-8e0e-4ee2-ae89-3f71c71e8109,plaguey.camp,available,11.99,77.99,medium,low,7,name.com,,,
7a7f4efc-97fd-4bc2-a4b2-38edde308c80,proximate.camp,available,62.99,62.99,high,low,9,namesilo,,,09/09/2026 04:46
fefe731c-b01c-486b-b73a-ad264c54826d,transfers.camp,available,62.99,62.99,medium,low,9,namesilo,,,30/09/2026 00:41
51d64f7d-2546-480f-8244-281bb7ae3b56,recessions.camp,available,62.99,62.99,low,low,10,namesilo,,,21/09/2026 06:29
55d1d8ce-3746-4247-b150-afb1e988d4c0,considering.camp,available,62.99,62.99,medium,low,11,namesilo,,,26/09/2026 03:06
dca2c6b6-3dc5-4e99-b1e6-6722f6722109,stolid.camp,available,11.99,77.99,medium,low,6,name.com,,,21/08/2026 21:51
70afbafa-e802-4691-9149-53c1876d412c,duple.camp,available,11.99,77.99,medium,low,5,name.com,,,14/08/2026 20:37
1f2a2a51-4998-4081-80cc-35e82731eb72,uncharted.camp,available,11.99,77.99,high,low,9,name.com,,,12/08/2026 02:53
e79f100f-7e7c-4edb-bad7-f6a572516c5c,uncapped.camp,available,62.99,62.99,medium,low,8,namesilo,,,12/09/2026 04:44
b40827f3-1206-4945-83bb-795a0793b5fc,xii.camp,available,62.99,62.99,high,low,3,namesilo,,,21/09/2026 11:25
77942450-3bb9-4fdc-a651-4f3e7156b0cb,barriers.camp,available,62.99,62.99,medium,low,8,namesilo,,,30/09/2026 15:49
9b62af5b-9723-415e-9e06-71ee9b7799b5,showing.camp,available,62.99,62.99,high,low,7,namesilo,,,25/09/2026 10:36
fac2ed5f-7d96-4644-b5a7-d24ade749512,apnea.camp,available,65.98,78.98,medium,low,5,namecheap,,,19/09/2026 18:04
239c0b21-f769-4440-80b1-6d9a3763dc65,plainly.camp,available,65.98,78.98,high,low,7,namecheap,,,08/09/2026 20:28
a02c302b-4489-44c5-bfb6-5fb672c58e5a,desmond.camp,available,62.99,62.99,high,low,7,namesilo,,,26/09/2026 03:14
800212ac-5d7d-43f8-995c-6c246cc38638,clergy.camp,available,62.99,62.99,high,low,6,namesilo,,,29/09/2026 09:59
3ba4faf2-6788-4ccc-8ce7-cf8301837e33,practically.camp,available,62.99,62.99,medium,low,11,namesilo,,,25/09/2026 11:39
e1ebe3b5-5c3b-4b41-af7c-9a997e352da7,workable.camp,available,11.99,77.99,high,low,8,name.com,,,17/08/2026 16:53
f83f908b-fed4-46a5-8ed5-819ce6f48fb1,intercepted.camp,available,49.88,49.88,medium,low,11,spaceship,,,28/09/2026 23:49
978f2a63-d2b9-419d-9551-08111b17ac4a,hardcover.camp,available,11.99,77.99,high,low,9,name.com,,,21/08/2026 00:44
a5473db6-143c-4e23-8d48-6dd401b341c4,unfounded.camp,available,11.99,77.99,medium,low,9,name.com,,,08/08/2026 21:57
18f4c1a5-388c-472c-b859-c935d57dad1a,sigmund.camp,available,62.99,62.99,medium,low,7,namesilo,,,28/09/2026 11:40
7e45cea1-58d4-4378-94cc-6f35fc6afba0,abstracted.camp,available,11.99,77.99,medium,low,10,name.com,,,
fefd99fb-3150-4203-b8a4-9c6d63c8c2e1,hebrides.camp,available,6.64,51.58,medium,low,8,dynadot,,,29/09/2026 13:01
91380183-f100-4625-b417-064a1af41cb7,viscous.camp,available,11.99,77.99,high,low,7,name.com,,,20/08/2026 15:25
f25cd586-e4cb-4ed3-937b-35d408c14f2d,knockdown.camp,available,11.99,77.99,medium,low,9,name.com,,,22/08/2026 16:34
e0168f8c-8d50-4b9e-b446-4dd75adc450f,minsk.camp,available,48.2,48.2,high,low,5,cloudflare,,,28/09/2026 05:24
6c65bcc0-0cf4-46d2-9684-b424ed1ff708,seduction.camp,available,65.98,78.98,high,low,9,namecheap,,,30/09/2026 11:00
9d95838d-b5d5-4447-a85d-a293f2228986,avoiding.camp,available,62.99,62.99,high,low,8,namesilo,,,28/09/2026 03:32
e43c697a-9525-4b21-9c86-42f1a91ea485,femoral.camp,available,11.99,77.99,medium,low,7,name.com,,,18/08/2026 01:05
44b7c2d8-286c-4548-95ba-8051907b5c0f,corporation.camp,available,62.99,62.99,high,low,11,namesilo,,,27/09/2026 16:41
3c716178-694f-4e85-ae49-d6b895f46c73,xciv.camp,available,11.99,77.99,medium,low,4,name.com,,,
47ab2f18-828b-480a-9f9b-49a8944e6258,position.camp,available,65.98,78.98,high,low,8,namecheap,,,19/09/2026 04:25
1c18b422-51d8-4d61-b52b-dd67b7f16daa,getatable.camp,available,11.99,77.99,medium,low,9,name.com,,,18/08/2026 23:00
3c2bade2-c943-40ef-bbe9-a9ad3688a99c,yoshida.camp,available,6.64,51.58,high,low,7,dynadot,,,29/09/2026 11:11
426470b8-5ceb-4487-a9f2-2f0072d2ec53,unlit.camp,available,62.99,62.99,medium,low,5,namesilo,,,12/09/2026 13:03
01970488-0e1a-43ea-bede-64f79bb36e81,buena.camp,available,49.88,49.88,medium,low,5,spaceship,,,27/09/2026 21:05
d5579667-921a-4fbc-b587-cae9789fcc06,fling.camp,available,49.88,49.88,high,low,5,spaceship,,,29/09/2026 15:22
9e59f86b-b8bc-453d-9076-e92e04db7a2b,blameless.camp,available,11.99,77.99,high,low,9,name.com,,,10/08/2026 12:53
6bae29c9-67cb-40d7-9718-9c7f285999a3,cheek.camp,available,62.99,62.99,high,low,5,namesilo,,,24/09/2026 11:22
03889268-c5de-4e66-81f0-b1fa74bca283,estimators.camp,available,62.99,62.99,medium,low,10,namesilo,,,20/09/2026 23:34
2e856431-02aa-4f56-8933-8be7480ea5db,jong.camp,available,65.98,78.98,medium,low,4,namecheap,,,28/09/2026 14:03
eef6abaf-10e5-4a5e-a284-3f684a3127ce,imagining.camp,available,49.88,49.88,high,low,9,spaceship,,,29/09/2026 14:49
7011c50d-e8db-473c-a00f-17ab0715ac38,academy.camp,premium,123.75,123.75,high,low,7,name.com,,,16/09/2026 20:24
9e091844-84ea-4068-9429-7b28c074afe2,adduct.camp,available,62.99,62.99,medium,low,6,namesilo,,,17/09/2026 07:09
e31c6fc8-1e3e-4f9a-b00e-44333a446a19,persons.camp,available,49.88,49.88,medium,low,7,spaceship,,,27/09/2026 21:14
f5995a0e-2d1d-44f4-b581-d5b04706f2ea,attitudes.camp,available,49.88,49.88,medium,low,9,spaceship,,,29/09/2026 23:34
a960d785-55dc-47bf-ad5b-fad9d9aa35d7,haply.camp,available,62.99,62.99,medium,low,5,namesilo,,,14/09/2026 04:36
ef62f6e7-824e-4996-b0e8-d401e6d638dc,withdrawn.camp,available,11.99,77.99,high,low,9,name.com,,,22/08/2026 03:25
416c5b14-734b-4a55-84dd-1336b9814309,glaucous.camp,available,11.99,77.99,high,low,8,name.com,,,20/08/2026 14:16
ea48c6f8-b65a-4d49-bd8c-dd98fe7123cf,altair.camp,available,62.99,62.99,medium,low,6,namesilo,,,18/09/2026 14:31
9518ed39-5b75-4a61-8571-4475ee0e1509,livable.camp,available,11.99,77.99,high,low,7,name.com,,,24/08/2026 07:42
cd369df2-0ab5-435a-b9e5-41abcd7f7592,reo.camp,available,49.88,49.88,medium,low,3,spaceship,,,30/09/2026 19:33
17a38144-dc5e-471a-bc1a-f392e17e445d,theatre.camp,available,65.98,78.98,high,low,7,namecheap,,,24/09/2026 23:54
3b416917-eceb-497c-806b-0b9bead8fb45,replacements.camp,available,62.99,62.99,medium,low,12,namesilo,,,29/09/2026 17:20
e8f1ea33-d139-4e87-ad4c-c64b4ea26de6,entrant.camp,available,11.99,77.99,medium,low,7,name.com,,,18/08/2026 07:36
2f9a515e-27a7-47ba-b6ef-21b3b348cbaa,danseuse.camp,available,62.99,62.99,medium,low,8,namesilo,,,21/09/2026 22:50
6e7558f0-a20f-4e5b-85bd-531cf59e5373,acquirable.camp,available,11.99,77.99,medium,low,10,name.com,,,
1966bf92-38dd-498f-a379-340c87f05fa9,marty.camp,available,62.99,62.99,high,low,5,namesilo,,,25/09/2026 15:43
167370ba-150a-487a-bf9d-cc9348b46a81,vivacious.camp,available,62.99,62.99,high,low,9,namesilo,,,13/09/2026 05:07
55cfdbcf-1924-43b9-af1e-d84fc1817fbb,tavern.camp,available,6.69,49.95,high,low,6,porkbun,,,28/09/2026 15:26
f44df6e3-1ba7-4797-a96f-bf2ab497c30d,pal.camp,available,62.99,62.99,high,medium,3,namesilo,,,29/09/2026 05:02
db4bd836-640b-4537-bc13-cf6502546eee,shopkeeper.camp,available,62.99,62.99,high,low,10,namesilo,,,28/09/2026 02:48
0d4b4a98-b177-41f7-97a7-ecfcf3f6dbfc,delays.camp,available,62.99,62.99,low,low,6,namesilo,,,29/09/2026 17:36
169b4bd5-c011-47e5-a244-2c153930584e,apocryphal.camp,available,11.99,77.99,medium,low,10,name.com,,,06/08/2026 01:11
5f95672c-eea1-4036-9a5c-981ac13a1217,aflcio.camp,available,62.99,62.99,medium,low,7,namesilo,,,17/09/2026 15:05
0603ee91-6e7d-4b56-aaf4-a721a6548b2a,judaism.camp,available,6.64,51.58,high,low,7,dynadot,,,01/10/2026 02:27
813b4abb-5f69-4362-9686-54932b0ad7a7,best.camp,premium,260,260,high,medium,4,namecheap,,,22/09/2026 19:49
9fd0ee4f-ec53-446f-af9d-fb47d6049f66,honor.camp,available,48.2,48.2,high,low,5,cloudflare,,,28/09/2026 06:43
5d60948b-36f2-4824-a06d-6a6b64c8fa01,applied.camp,available,11.99,77.99,high,low,7,name.com,,,06/08/2026 07:11
ba483172-e37f-458d-bb3c-6a6f913ff453,residue.camp,available,11.99,77.99,high,low,7,name.com,,,09/09/2026 15:05
0344a2cb-6104-4e7b-b85f-d73f2983d5f5,experiences.camp,available,62.99,62.99,high,low,11,namesilo,,,28/09/2026 04:46
71d67041-561e-4f60-b3ce-caca62409026,grownup.camp,available,11.99,77.99,high,low,7,name.com,,,
5d65b218-e987-4ceb-9db2-107fd9be2a63,bracket.camp,available,62.99,62.99,high,low,7,namesilo,,,19/09/2026 06:22
a2da7529-49f5-466a-a6e8-4c0fa4474df0,chairman.camp,available,62.99,62.99,high,low,8,namesilo,,,29/09/2026 07:55
e4934b8a-79b0-4488-a4b8-f28b9e50db18,achy.camp,available,11.99,77.99,medium,low,4,name.com,,,
654a2366-ce45-4bb7-8537-b13ec6f768a2,griffiths.camp,available,62.99,62.99,medium,low,9,namesilo,,,26/09/2026 03:40
3f7997f0-ea27-4005-ba66-d01f367f384c,adequacy.camp,available,65.98,78.98,high,low,8,namecheap,,,17/09/2026 07:43
67d2d773-152f-4374-ba51-d183d7251919,antibody.camp,available,62.99,62.99,high,low,8,namesilo,,,19/09/2026 14:14
f98b80f3-39fa-4470-af30-7fbbf2d9edf5,poetically.camp,available,65.98,78.98,medium,low,10,namecheap,,,15/09/2026 20:51
3923c7d6-ac90-47b9-9c34-150dae3ded47,internets.camp,available,62.99,62.99,medium,low,9,namesilo,,,28/09/2026 02:35
eeeb6d07-67b5-4581-b29e-e20fa3f22141,episcopal.camp,available,11.99,77.99,medium,low,9,name.com,,,17/08/2026 11:09
5bb4d5c9-53e5-4892-901b-1c8aa1a58b36,andradite.camp,available,62.99,62.99,medium,low,9,namesilo,,,19/09/2026 04:09
b885ba06-07be-4261-8c43-271a4ad7f0b1,grazed.camp,available,11.99,77.99,medium,low,6,name.com,,,20/08/2026 19:29
f1e42370-f86e-4284-adb1-eacb3e2db5ff,abaxial.camp,available,11.99,77.99,medium,low,7,name.com,,,
89476064-18d7-4e3c-90f7-8923a0c3fc05,burnley.camp,available,62.99,62.99,medium,low,7,namesilo,,,29/09/2026 15:51
78235580-9c87-4f98-bbee-8c6bf9dd6f51,franklin.camp,available,62.99,62.99,high,low,8,namesilo,,,23/09/2026 08:17
4b918468-89d9-494a-8903-6a888055c964,bonsai.camp,available,62.99,62.99,high,low,6,namesilo,,,24/09/2026 06:40
2feed523-2637-4b30-8ce6-d193fab3627b,unblinking.camp,available,62.99,62.99,medium,low,10,namesilo,,,12/09/2026 02:16
7c341501-5355-48ed-958c-f976dab6ae4c,dominion.camp,available,62.99,62.99,high,low,8,namesilo,,,24/09/2026 23:09